entity_type	entity_id	place_id	year_start	year_end	weight	reason
archaeology	catacombs-of-rome	archaeology:catacombs-of-rome	150	350	5	located_at
archaeology	dura-europos-house-church	archaeology:dura-europos-house-church	230	256	5	located_at
archaeology	holy-sepulchre-jerusalem	archaeology:holy-sepulchre-jerusalem	330		5	located_at
doctrine	apostolic-succession	city:lugdunum-lyon	180	185	5	via_work_affirms
doctrine	baptismal-regeneration	city:antioch-antakya	80	120	4	via_work_affirms
doctrine	monarchical-episcopacy	city:smyrna-izmir	107	110	5	via_work_first_mentions
event	council-of-jerusalem-apostolic-council	city:jerusalem-jerusalem	49	49	4	held_in
event	council-of-nicaea-325-ad	city:nicaea-iznik	325	325	4	held_in
event	martyrdom-of-polycarp-of-smyrna	city:smyrna-izmir	155	155	4	held_in
persuasion	anglican	city:londinium-london	190	359	3	presence
persuasion	arian	city:alexandria-alexandria	310	319	3	presence
persuasion	arian	city:antioch-antakya	330	359	3	presence
persuasion	arian	city:byzantium-istanbul	340	359	3	presence
persuasion	arian	city:caesarea-maritima-caesarea	330	359	3	presence
persuasion	arian	city:byzantium-istanbul	340	359	3	presence
persuasion	arian	city:caesarea-maritima-caesarea	330	359	3	presence
persuasion	arian	city:damascus-damascus	340	359	3	presence
persuasion	arian	city:mediolanum-milan	350	359	3	presence
persuasion	arian	city:nicomedia-izmit	310	359	3	presence
persuasion	bardaisanite	city:edessa-sanl-urfa	110	219	3	presence
persuasion	basilidean	city:alexandria-alexandria	100	119	3	presence
persuasion	catholic	city:alexandria-alexandria	40	359	3	presence
persuasion	catholic	city:amida-diyarbak-r	100	359	3	presence
persuasion	catholic	city:antinoopolis-sheikh-ibada	130	359	3	presence
persuasion	catholic	city:antioch-antakya	40	359	3	presence
persuasion	catholic	city:aquileia-aquileia	50	359	3	presence
persuasion	catholic	city:arelate-arles	100	359	3	presence
persuasion	catholic	city:ascalon-ashkelon	40	259	3	presence
persuasion	catholic	city:augusta-treverorum-trier	100	359	3	presence
persuasion	catholic	city:augusta-vindelicorum-augsburg	200	359	3	presence
persuasion	catholic	city:azotus-ashdod	200	209	3	presence
persuasion	catholic	city:azotus-ashdod	40	59	3	presence
persuasion	catholic	city:barcinonae-barcelona	100	359	3	presence
persuasion	catholic	city:berytus-beirut	40	359	3	presence
persuasion	catholic	city:bethany-al-eizariya	40	359	3	presence
persuasion	catholic	city:bethlehem-bethlehem	40	359	3	presence
persuasion	catholic	city:bononia-bologna	100	359	3	presence
persuasion	catholic	city:brundisium-brindisi	40	259	3	presence
persuasion	catholic	city:byzantium-istanbul	280	359	3	presence
persuasion	catholic	city:byzantium-istanbul	80	199	3	presence
persuasion	catholic	city:caesaraugusta-zaragoza	60	359	3	presence
persuasion	catholic	city:caesarea-maritima-caesarea	40	359	3	presence
persuasion	catholic	city:caesarea-philippi-banias	40	359	3	presence
persuasion	catholic	city:capernaum-kefar-nahum	40	359	3	presence
persuasion	catholic	city:capua-santa-maria-capua-vetere	40	359	3	presence
persuasion	catholic	city:carnuntum-petronell-carnuntum	100	359	3	presence
persuasion	catholic	city:carthage-carthage	100	359	3	presence
persuasion	catholic	city:chalcedon-kad-koy-istanbul	100	359	3	presence
persuasion	catholic	city:cirta-constantine	100	359	3	presence
persuasion	catholic	city:colonia-agrippina-cologne	100	359	3	presence
persuasion	catholic	city:corduba-cordoba	60	359	3	presence
persuasion	catholic	city:eboracum-york	100	359	3	presence
persuasion	catholic	city:edessa-sanl-urfa	40	359	3	presence
persuasion	catholic	city:elvira-iliberis-near-granada	200	359	3	presence
persuasion	catholic	city:emerita-augusta-merida	60	359	3	presence
persuasion	catholic	city:emesa-homs	100	359	3	presence
persuasion	catholic	city:emmaus-emmaus-location-disputed	40	359	3	presence
persuasion	catholic	city:ephesus-selcuk-area	230	239	3	presence
persuasion	catholic	city:ephesus-selcuk-area	250	259	3	presence
persuasion	catholic	city:ephesus-selcuk-area	300	359	3	presence
persuasion	catholic	city:ephesus-selcuk-area	50	209	3	presence
persuasion	catholic	city:flavia-neapolis-nablus	100	129	3	presence
persuasion	catholic	city:flavia-neapolis-nablus	300	359	3	presence
persuasion	catholic	city:flavia-neapolis-nablus	40	59	3	presence
persuasion	catholic	city:flavia-neapolis-nablus	70	79	3	presence
persuasion	catholic	city:gadara-umm-qays	40	359	3	presence
persuasion	catholic	city:gangra-cank-r	200	359	3	presence
persuasion	catholic	city:gortyna-gortyna	100	109	3	presence
persuasion	catholic	city:gortyna-gortyna	120	129	3	presence
persuasion	catholic	city:gortyna-gortyna	160	169	3	presence
persuasion	catholic	city:gortyna-gortyna	300	359	3	presence
persuasion	catholic	city:gortyna-gortyna	40	69	3	presence
persuasion	catholic	city:heliopolis-baalbek	100	359	3	presence
persuasion	catholic	city:hippo-regius-annaba	100	359	3	presence
persuasion	catholic	city:hispalis-seville	100	359	3	presence
persuasion	catholic	city:jerusalem-jerusalem	40	359	3	presence
persuasion	catholic	city:joppa-jaffa-tel-aviv-yafo	310	359	3	presence
persuasion	catholic	city:joppa-jaffa-tel-aviv-yafo	40	139	3	presence
persuasion	catholic	city:leptis-magna-leptis-magna-near-al-khums	100	359	3	presence
persuasion	catholic	city:londinium-london	190	359	3	presence
persuasion	catholic	city:lugdunum-lyon	140	219	3	presence
persuasion	catholic	city:lugdunum-lyon	250	259	3	presence
persuasion	catholic	city:lugdunum-lyon	280	289	3	presence
persuasion	catholic	city:lugdunum-lyon	300	359	3	presence
persuasion	catholic	city:malabar-coast-india-kerala-region	310	359	3	presence
persuasion	catholic	city:malabar-coast-india-kerala-region	60	69	3	presence
persuasion	catholic	city:malta-valletta-area	200	209	3	presence
persuasion	catholic	city:malta-valletta-area	60	79	3	presence
persuasion	catholic	city:massilia-marseille	160	189	3	presence
persuasion	catholic	city:massilia-marseille	250	259	3	presence
persuasion	catholic	city:massilia-marseille	300	359	3	presence
persuasion	catholic	city:mediolanum-milan	50	359	3	presence
persuasion	catholic	city:memphis-mit-rahina-near-cairo	40	359	3	presence
persuasion	catholic	city:myra-demre	50	359	3	presence
persuasion	catholic	city:naissus-nis	100	359	3	presence
persuasion	catholic	city:narbo-narbonne	100	359	3	presence
persuasion	catholic	city:nazareth-nazareth	40	359	3	presence
persuasion	catholic	city:nazianzus-bekarlar-near-guzelyurt	260	359	3	presence
persuasion	catholic	city:neapolis-naples	40	359	3	presence
persuasion	catholic	city:nicaea-iznik	100	119	3	presence
persuasion	catholic	city:nicaea-iznik	280	289	3	presence
persuasion	catholic	city:nicaea-iznik	300	339	3	presence
persuasion	catholic	city:nicaea-iznik	350	359	3	presence
persuasion	catholic	city:nisibis-nusaybin	100	359	3	presence
persuasion	catholic	city:ostia-ostia-antica	100	359	3	presence
persuasion	catholic	city:ostia-ostia-antica	40	69	3	presence
persuasion	catholic	city:oxyrhynchus-el-bahnasa	100	359	3	presence
persuasion	catholic	city:paphos-paphos	300	359	3	presence
persuasion	catholic	city:paphos-paphos	40	59	3	presence
persuasion	catholic	city:ptolemais-akko	300	359	3	presence
persuasion	catholic	city:ptolemais-akko	50	59	3	presence
persuasion	catholic	city:puteoli-pozzuoli	110	119	3	presence
persuasion	catholic	city:puteoli-pozzuoli	150	159	3	presence
persuasion	catholic	city:puteoli-pozzuoli	300	359	3	presence
persuasion	catholic	city:puteoli-pozzuoli	60	79	3	presence
persuasion	catholic	city:ravenna-ravenna	100	359	3	presence
persuasion	catholic	city:rhegium-reggio-calabria	50	209	3	presence
persuasion	catholic	city:rome-rome	40	359	3	presence
persuasion	catholic	city:salona-solin-near-split	40	359	3	presence
persuasion	catholic	city:samaria-sebastiyah	40	119	3	presence
persuasion	catholic	city:samaria-sebastiyah	300	359	3	presence
persuasion	catholic	city:scythopolis-bet-shean	40	359	3	presence
persuasion	catholic	city:sebaste-sivas	280	359	3	presence
persuasion	catholic	city:seleucia-ctesiphon-al-madain	100	359	3	presence
persuasion	catholic	city:serdica-sofia	100	359	3	presence
persuasion	catholic	city:sirmium-sremska-mitrovica	100	359	3	presence
persuasion	catholic	city:syracuse-syracuse	50	359	3	presence
persuasion	catholic	city:tarraco-tarragona	60	359	3	presence
persuasion	catholic	city:thebes-luxor	200	359	3	presence
persuasion	catholic	city:tiberias-tiberias	40	359	3	presence
persuasion	catholic	city:tolosa-toulouse	100	359	3	presence
persuasion	catholic	city:tyre-tyre-sur	50	359	3	presence
persuasion	catholic	city:valentia-valencia	100	359	3	presence
persuasion	catholic	city:vienne-vienne	160	189	3	presence
persuasion	catholic	city:vienne-vienne	250	259	3	presence
persuasion	catholic	city:vienne-vienne	300	359	3	presence
persuasion	church-of-the-east	city:amida-diyarbak-r	100	359	3	presence
persuasion	church-of-the-east	city:carrhae-harran	40	359	3	presence
persuasion	church-of-the-east	city:edessa-sanl-urfa	40	359	3	presence
persuasion	church-of-the-east	city:malabar-coast-india-kerala-region	310	359	3	presence
persuasion	church-of-the-east	city:nisibis-nusaybin	100	359	3	presence
persuasion	church-of-the-east	city:seleucia-ctesiphon-al-madain	100	359	3	presence
persuasion	donatist	city:carthage-carthage	300	359	3	presence
persuasion	donatist	city:cirta-constantine	300	359	3	presence
persuasion	donatist	city:hippo-regius-annaba	310	329	3	presence
persuasion	eustathian-ascetic	city:sebaste-sivas	330	359	3	presence
persuasion	gnostic	city:alexandria-alexandria	120	129	3	presence
persuasion	gnostic	city:rome-rome	130	139	3	presence
persuasion	homoiousian	city:ancyra-ankara	340	359	3	presence
persuasion	jewish-christian	city:alexandria-alexandria	40	69	3	presence
persuasion	jewish-christian	city:antioch-antakya	40	59	3	presence
persuasion	jewish-christian	city:athens-athens	50	59	3	presence
persuasion	jewish-christian	city:bethany-al-eizariya	50	69	3	presence
persuasion	jewish-christian	city:bethlehem-bethlehem	50	79	3	presence
persuasion	jewish-christian	city:caesarea-maritima-caesarea	40	69	3	presence
persuasion	jewish-christian	city:capernaum-kefar-nahum	50	79	3	presence
persuasion	jewish-christian	city:corinth-ancient-corinth	50	59	3	presence
persuasion	jewish-christian	city:cyprus-salamis-famagusta-area	40	59	3	presence
persuasion	jewish-christian	city:damascus-damascus	40	69	3	presence
persuasion	jewish-christian	city:edessa-sanl-urfa	40	79	3	presence
persuasion	jewish-christian	city:ephesus-selcuk-area	50	59	3	presence
persuasion	jewish-christian	city:flavia-neapolis-nablus	40	59	3	presence
persuasion	jewish-christian	city:gadara-umm-qays	40	49	3	presence
persuasion	jewish-christian	city:jerusalem-jerusalem	40	129	3	presence
persuasion	jewish-christian	city:joppa-jaffa-tel-aviv-yafo	40	69	3	presence
persuasion	jewish-christian	city:laodicea-denizli-area	60	69	3	presence
persuasion	jewish-christian	city:memphis-mit-rahina-near-cairo	40	49	3	presence
persuasion	jewish-christian	city:nazareth-nazareth	50	79	3	presence
persuasion	jewish-christian	city:pella-pella-tabaqat-fahl	40	79	3	presence
persuasion	jewish-christian	city:pergamon-bergama	60	69	3	presence
persuasion	jewish-christian	city:philippi-filippoi	50	59	3	presence
persuasion	jewish-christian	city:rome-rome	40	69	3	presence
persuasion	jewish-christian	city:samaria-sebastiyah	40	69	3	presence
persuasion	jewish-christian	city:scythopolis-bet-shean	40	49	3	presence
persuasion	jewish-christian	city:seleucia-ctesiphon-al-madain	100	109	3	presence
persuasion	jewish-christian	city:smyrna-izmir	60	69	3	presence
persuasion	jewish-christian	city:thessalonica-thessaloniki	50	59	3	presence
persuasion	jewish-christian	city:thyatira-akhisar	60	69	3	presence
persuasion	jewish-christian	city:tiberias-tiberias	40	59	3	presence
persuasion	jewish-christian	city:tyre-tyre-sur	50	69	3	presence
persuasion	marcionite	city:sinope-sinop	130	149	3	presence
persuasion	maronite	city:tyre-tyre-sur	50	359	3	presence
persuasion	meletian-schism	city:alexandria-alexandria	300	309	3	presence
persuasion	miaphysite	city:aksum-axum-axum	310	359	3	presence
persuasion	miaphysite	city:alexandria-alexandria	40	359	3	presence
persuasion	miaphysite	city:amida-diyarbak-r	100	359	3	presence
persuasion	miaphysite	city:antinoopolis-sheikh-ibada	130	359	3	presence
persuasion	miaphysite	city:antioch-antakya	40	359	3	presence
persuasion	miaphysite	city:carrhae-harran	40	359	3	presence
persuasion	miaphysite	city:edessa-sanl-urfa	40	359	3	presence
persuasion	miaphysite	city:emesa-homs	100	359	3	presence
persuasion	miaphysite	city:memphis-mit-rahina-near-cairo	40	359	3	presence
persuasion	miaphysite	city:nisibis-nusaybin	100	359	3	presence
persuasion	miaphysite	city:oxyrhynchus-el-bahnasa	100	359	3	presence
persuasion	miaphysite	city:palmyra-tadmur	100	359	3	presence
persuasion	miaphysite	city:thebes-luxor	200	359	3	presence
persuasion	miaphysite	city:vagharshapat-vagharshapat-etchmiadzin	250	359	3	presence
persuasion	monarchian	city:palmyra-tadmur	260	269	3	presence
persuasion	montanist	city:carthage-carthage	200	219	3	presence
persuasion	montanist	city:pepuza-near-usak-exact-location-debated	150	359	3	presence
persuasion	nicene	city:alexandria-alexandria	320	359	3	presence
persuasion	nicene	city:amida-diyarbak-r	320	359	3	presence
persuasion	nicene	city:ancyra-ankara	320	339	3	presence
persuasion	nicene	city:antinoopolis-sheikh-ibada	320	359	3	presence
persuasion	nicene	city:antioch-antakya	320	359	3	presence
persuasion	nicene	city:apamea-afamia	320	359	3	presence
persuasion	nicene	city:aquileia-aquileia	320	359	3	presence
persuasion	nicene	city:arelate-arles	320	359	3	presence
persuasion	nicene	city:athens-athens	320	359	3	presence
persuasion	nicene	city:attalia-antalya	320	359	3	presence
persuasion	nicene	city:augusta-treverorum-trier	320	359	3	presence
persuasion	nicene	city:augusta-vindelicorum-augsburg	320	359	3	presence
persuasion	nicene	city:barcinonae-barcelona	320	359	3	presence
persuasion	nicene	city:beroia-veria	320	359	3	presence
persuasion	nicene	city:berytus-beirut	320	359	3	presence
persuasion	nicene	city:bethany-al-eizariya	320	359	3	presence
persuasion	nicene	city:bethlehem-bethlehem	320	359	3	presence
persuasion	nicene	city:bononia-bologna	320	359	3	presence
persuasion	nicene	city:bostra-bosra	320	359	3	presence
persuasion	nicene	city:byzantium-istanbul	320	349	3	presence
persuasion	nicene	city:caesaraugusta-zaragoza	320	359	3	presence
persuasion	nicene	city:caesarea-cappadocia-kayseri	320	359	3	presence
persuasion	nicene	city:caesarea-maritima-caesarea	320	339	3	presence
persuasion	nicene	city:caesarea-philippi-banias	320	359	3	presence
persuasion	nicene	city:capernaum-kefar-nahum	320	359	3	presence
persuasion	nicene	city:capua-santa-maria-capua-vetere	320	359	3	presence
persuasion	nicene	city:carnuntum-petronell-carnuntum	320	359	3	presence
persuasion	nicene	city:carrhae-harran	320	359	3	presence
persuasion	nicene	city:cenchreae-kenchreai	320	359	3	presence
persuasion	nicene	city:chalcedon-kad-koy-istanbul	320	359	3	presence
persuasion	nicene	city:cirta-constantine	330	359	3	presence
persuasion	nicene	city:colonia-agrippina-cologne	320	359	3	presence
persuasion	nicene	city:corduba-cordoba	320	359	3	presence
persuasion	nicene	city:corinth-ancient-corinth	320	359	3	presence
persuasion	nicene	city:cyprus-salamis-famagusta-area	320	359	3	presence
persuasion	nicene	city:cyrene-shahhat	320	359	3	presence
persuasion	nicene	city:damascus-damascus	320	359	3	presence
persuasion	nicene	city:eboracum-york	320	359	3	presence
persuasion	nicene	city:edessa-sanl-urfa	320	359	3	presence
persuasion	nicene	city:elvira-iliberis-near-granada	320	359	3	presence
persuasion	nicene	city:emerita-augusta-merida	320	359	3	presence
persuasion	nicene	city:emesa-homs	320	359	3	presence
persuasion	nicene	city:emmaus-emmaus-location-disputed	320	359	3	presence
persuasion	nicene	city:ephesus-selcuk-area	320	359	3	presence
persuasion	nicene	city:flavia-neapolis-nablus	320	359	3	presence
persuasion	nicene	city:gadara-umm-qays	320	359	3	presence
persuasion	nicene	city:gangra-cank-r	320	359	3	presence
persuasion	nicene	city:gaza-gaza	320	359	3	presence
persuasion	nicene	city:gerasa-jerash	320	359	3	presence
persuasion	nicene	city:gortyna-gortyna	320	359	3	presence
persuasion	nicene	city:heliopolis-baalbek	320	359	3	presence
persuasion	nicene	city:hierapolis-pamukkale	320	359	3	presence
persuasion	nicene	city:hippo-regius-annaba	330	359	3	presence
persuasion	nicene	city:hispalis-seville	320	359	3	presence
persuasion	nicene	city:iconium-konya	320	359	3	presence
persuasion	nicene	city:jerusalem-jerusalem	320	359	3	presence
persuasion	nicene	city:joppa-jaffa-tel-aviv-yafo	320	359	3	presence
persuasion	nicene	city:laodicea-ad-mare-latakia	320	359	3	presence
persuasion	nicene	city:laodicea-denizli-area	320	349	3	presence
persuasion	nicene	city:leptis-magna-leptis-magna-near-al-khums	320	359	3	presence
persuasion	nicene	city:londinium-london	320	359	3	presence
persuasion	nicene	city:lugdunum-lyon	320	359	3	presence
persuasion	nicene	city:lystra-hatunsaray	320	359	3	presence
persuasion	nicene	city:massilia-marseille	320	359	3	presence
persuasion	nicene	city:mediolanum-milan	320	349	3	presence
persuasion	nicene	city:memphis-mit-rahina-near-cairo	320	359	3	presence
persuasion	nicene	city:miletus-milet	320	359	3	presence
persuasion	nicene	city:mtskheta-mtskheta	330	359	3	presence
persuasion	nicene	city:myra-demre	320	359	3	presence
persuasion	nicene	city:naissus-nis	320	359	3	presence
persuasion	nicene	city:narbo-narbonne	320	359	3	presence
persuasion	nicene	city:nazareth-nazareth	320	359	3	presence
persuasion	nicene	city:nazianzus-bekarlar-near-guzelyurt	280	359	3	presence
persuasion	nicene	city:neapolis-naples	320	359	3	presence
persuasion	nicene	city:neocaesarea-niksar	320	359	3	presence
persuasion	nicene	city:nicaea-iznik	320	339	3	presence
persuasion	nicene	city:nicaea-iznik	350	359	3	presence
persuasion	nicene	city:nicomedia-izmit	320	329	3	presence
persuasion	nicene	city:nicopolis-nicopolis-preveza-area	320	359	3	presence
persuasion	nicene	city:nisibis-nusaybin	320	359	3	presence
persuasion	nicene	city:ostia-ostia-antica	320	359	3	presence
persuasion	nicene	city:oxyrhynchus-el-bahnasa	320	359	3	presence
persuasion	nicene	city:palmyra-tadmur	320	359	3	presence
persuasion	nicene	city:paphos-paphos	320	359	3	presence
persuasion	nicene	city:patmos-patmos	320	359	3	presence
persuasion	nicene	city:pella-pella-tabaqat-fahl	320	359	3	presence
persuasion	nicene	city:perga-aksu	320	359	3	presence
persuasion	nicene	city:pergamon-bergama	320	359	3	presence
persuasion	nicene	city:petra-petra	320	359	3	presence
persuasion	nicene	city:philadelphia-alasehir	320	359	3	presence
persuasion	nicene	city:philadelphia-arabia-amman	320	359	3	presence
persuasion	nicene	city:philippi-filippoi	320	359	3	presence
persuasion	nicene	city:philippopolis-plovdiv	320	359	3	presence
persuasion	nicene	city:pisidian-antioch-yalvac	320	359	3	presence
persuasion	nicene	city:ptolemais-akko	320	359	3	presence
persuasion	nicene	city:puteoli-pozzuoli	320	359	3	presence
persuasion	nicene	city:ravenna-ravenna	320	359	3	presence
persuasion	nicene	city:rome-rome	320	359	3	presence
persuasion	nicene	city:salona-solin-near-split	320	359	3	presence
persuasion	nicene	city:samaria-sebastiyah	320	359	3	presence
persuasion	nicene	city:samosata-samsat-submerged	320	359	3	presence
persuasion	nicene	city:sardis-sart	320	359	3	presence
persuasion	nicene	city:scythopolis-bet-shean	320	359	3	presence
persuasion	nicene	city:sebaste-sivas	320	359	3	presence
persuasion	nicene	city:seleucia-pieria-cevlik	320	359	3	presence
persuasion	nicene	city:serdica-sofia	320	359	3	presence
persuasion	nicene	city:sidon-sidon-saida	320	359	3	presence
persuasion	nicene	city:sinope-sinop	320	359	3	presence
persuasion	nicene	city:sirmium-sremska-mitrovica	320	359	3	presence
persuasion	nicene	city:smyrna-izmir	320	359	3	presence
persuasion	nicene	city:syracuse-syracuse	320	359	3	presence
persuasion	nicene	city:tarraco-tarragona	320	359	3	presence
persuasion	nicene	city:tarsus-tarsus	320	359	3	presence
persuasion	nicene	city:thebes-luxor	320	359	3	presence
persuasion	nicene	city:thessalonica-thessaloniki	320	359	3	presence
persuasion	nicene	city:thyatira-akhisar	320	359	3	presence
persuasion	nicene	city:tiberias-tiberias	320	359	3	presence
persuasion	nicene	city:tolosa-toulouse	320	359	3	presence
persuasion	nicene	city:tomis-constanta	320	359	3	presence
persuasion	nicene	city:trapezus-trabzon	320	359	3	presence
persuasion	nicene	city:troas-alexandria-troas	320	359	3	presence
persuasion	nicene	city:tyre-tyre-sur	320	359	3	presence
persuasion	nicene	city:vagharshapat-vagharshapat-etchmiadzin	320	359	3	presence
persuasion	nicene	city:valentia-valencia	320	359	3	presence
persuasion	nicene	city:vienne-vienne	320	359	3	presence
persuasion	novatianist	city:alexandria-alexandria	250	259	3	presence
persuasion	novatianist	city:carthage-carthage	250	259	3	presence
persuasion	novatianist	city:rome-rome	210	219	3	presence
persuasion	novatianist	city:rome-rome	250	269	3	presence
persuasion	orthodox	city:alexandria-alexandria	40	359	3	presence
persuasion	orthodox	city:ancyra-ankara	40	359	3	presence
persuasion	orthodox	city:antioch-antakya	40	359	3	presence
persuasion	orthodox	city:apamea-afamia	100	359	3	presence
persuasion	orthodox	city:ascalon-ashkelon	40	259	3	presence
persuasion	orthodox	city:athens-athens	250	259	3	presence
persuasion	orthodox	city:athens-athens	300	359	3	presence
persuasion	orthodox	city:athens-athens	50	189	3	presence
persuasion	orthodox	city:attalia-antalya	300	359	3	presence
persuasion	orthodox	city:attalia-antalya	40	59	3	presence
persuasion	orthodox	city:azotus-ashdod	200	209	3	presence
persuasion	orthodox	city:azotus-ashdod	40	59	3	presence
persuasion	orthodox	city:beroia-veria	300	359	3	presence
persuasion	orthodox	city:beroia-veria	50	79	3	presence
persuasion	orthodox	city:berytus-beirut	40	359	3	presence
persuasion	orthodox	city:bethany-al-eizariya	40	359	3	presence
persuasion	orthodox	city:bethlehem-bethlehem	40	359	3	presence
persuasion	orthodox	city:byzantium-istanbul	280	359	3	presence
persuasion	orthodox	city:byzantium-istanbul	80	199	3	presence
persuasion	orthodox	city:caesarea-cappadocia-kayseri	150	279	3	presence
persuasion	orthodox	city:caesarea-cappadocia-kayseri	300	359	3	presence
persuasion	orthodox	city:caesarea-maritima-caesarea	40	359	3	presence
persuasion	orthodox	city:caesarea-philippi-banias	40	359	3	presence
persuasion	orthodox	city:capernaum-kefar-nahum	40	359	3	presence
persuasion	orthodox	city:carnuntum-petronell-carnuntum	100	359	3	presence
persuasion	orthodox	city:chalcedon-kad-koy-istanbul	100	359	3	presence
persuasion	orthodox	city:colossae-near-honaz	60	209	3	presence
persuasion	orthodox	city:corinth-ancient-corinth	230	239	3	presence
persuasion	orthodox	city:corinth-ancient-corinth	250	359	3	presence
persuasion	orthodox	city:corinth-ancient-corinth	50	209	3	presence
persuasion	orthodox	city:cyprus-salamis-famagusta-area	40	359	3	presence
persuasion	orthodox	city:damascus-damascus	40	359	3	presence
persuasion	orthodox	city:emesa-homs	100	359	3	presence
persuasion	orthodox	city:emmaus-emmaus-location-disputed	40	359	3	presence
persuasion	orthodox	city:ephesus-selcuk-area	230	239	3	presence
persuasion	orthodox	city:ephesus-selcuk-area	250	259	3	presence
persuasion	orthodox	city:ephesus-selcuk-area	300	359	3	presence
persuasion	orthodox	city:ephesus-selcuk-area	50	209	3	presence
persuasion	orthodox	city:flavia-neapolis-nablus	100	129	3	presence
persuasion	orthodox	city:flavia-neapolis-nablus	300	359	3	presence
persuasion	orthodox	city:flavia-neapolis-nablus	40	59	3	presence
persuasion	orthodox	city:flavia-neapolis-nablus	70	79	3	presence
persuasion	orthodox	city:gadara-umm-qays	40	359	3	presence
persuasion	orthodox	city:gangra-cank-r	200	359	3	presence
persuasion	orthodox	city:gerasa-jerash	100	359	3	presence
persuasion	orthodox	city:gortyna-gortyna	100	109	3	presence
persuasion	orthodox	city:gortyna-gortyna	120	129	3	presence
persuasion	orthodox	city:gortyna-gortyna	160	169	3	presence
persuasion	orthodox	city:gortyna-gortyna	300	359	3	presence
persuasion	orthodox	city:gortyna-gortyna	40	69	3	presence
persuasion	orthodox	city:heliopolis-baalbek	100	359	3	presence
persuasion	orthodox	city:hierapolis-pamukkale	250	259	3	presence
persuasion	orthodox	city:hierapolis-pamukkale	300	359	3	presence
persuasion	orthodox	city:hierapolis-pamukkale	60	179	3	presence
persuasion	orthodox	city:jerusalem-jerusalem	40	359	3	presence
persuasion	orthodox	city:joppa-jaffa-tel-aviv-yafo	310	359	3	presence
persuasion	orthodox	city:joppa-jaffa-tel-aviv-yafo	40	139	3	presence
persuasion	orthodox	city:laodicea-ad-mare-latakia	40	359	3	presence
persuasion	orthodox	city:laodicea-denizli-area	140	169	3	presence
persuasion	orthodox	city:laodicea-denizli-area	300	349	3	presence
persuasion	orthodox	city:laodicea-denizli-area	60	89	3	presence
persuasion	orthodox	city:malabar-coast-india-kerala-region	60	359	3	presence
persuasion	orthodox	city:miletus-milet	250	259	3	presence
persuasion	orthodox	city:miletus-milet	300	359	3	presence
persuasion	orthodox	city:miletus-milet	60	69	3	presence
persuasion	orthodox	city:mtskheta-mtskheta	280	359	3	presence
persuasion	orthodox	city:myra-demre	50	359	3	presence
persuasion	orthodox	city:naissus-nis	100	359	3	presence
persuasion	orthodox	city:nazareth-nazareth	40	359	3	presence
persuasion	orthodox	city:nazianzus-bekarlar-near-guzelyurt	260	359	3	presence
persuasion	orthodox	city:neocaesarea-niksar	300	359	3	presence
persuasion	orthodox	city:neocaesarea-niksar	60	279	3	presence
persuasion	orthodox	city:nicaea-iznik	100	119	3	presence
persuasion	orthodox	city:nicaea-iznik	280	289	3	presence
persuasion	orthodox	city:nicaea-iznik	300	339	3	presence
persuasion	orthodox	city:nicaea-iznik	350	359	3	presence
persuasion	orthodox	city:nicomedia-izmit	100	129	3	presence
persuasion	orthodox	city:nicomedia-izmit	200	209	3	presence
persuasion	orthodox	city:nicomedia-izmit	250	259	3	presence
persuasion	orthodox	city:nicomedia-izmit	280	359	3	presence
persuasion	orthodox	city:palmyra-tadmur	100	359	3	presence
persuasion	orthodox	city:paphos-paphos	300	359	3	presence
persuasion	orthodox	city:paphos-paphos	40	59	3	presence
persuasion	orthodox	city:patmos-patmos	60	359	3	presence
persuasion	orthodox	city:pella-pella-tabaqat-fahl	320	359	3	presence
persuasion	orthodox	city:pella-pella-tabaqat-fahl	40	79	3	presence
persuasion	orthodox	city:perga-aksu	300	359	3	presence
persuasion	orthodox	city:perga-aksu	40	59	3	presence
persuasion	orthodox	city:pergamon-bergama	120	139	3	presence
persuasion	orthodox	city:pergamon-bergama	240	249	3	presence
persuasion	orthodox	city:pergamon-bergama	300	359	3	presence
persuasion	orthodox	city:pergamon-bergama	60	109	3	presence
persuasion	orthodox	city:philadelphia-alasehir	110	129	3	presence
persuasion	orthodox	city:philadelphia-alasehir	150	169	3	presence
persuasion	orthodox	city:philadelphia-alasehir	250	259	3	presence
persuasion	orthodox	city:philadelphia-alasehir	300	359	3	presence
persuasion	orthodox	city:philadelphia-alasehir	60	89	3	presence
persuasion	orthodox	city:philadelphia-arabia-amman	40	359	3	presence
persuasion	orthodox	city:philippi-filippoi	50	359	3	presence
persuasion	orthodox	city:philippopolis-plovdiv	100	359	3	presence
persuasion	orthodox	city:ptolemais-akko	300	359	3	presence
persuasion	orthodox	city:ptolemais-akko	50	59	3	presence
persuasion	orthodox	city:rome-rome	40	359	3	presence
persuasion	orthodox	city:samaria-sebastiyah	40	119	3	presence
persuasion	orthodox	city:samaria-sebastiyah	300	359	3	presence
persuasion	orthodox	city:sardis-sart	110	119	3	presence
persuasion	orthodox	city:sardis-sart	140	199	3	presence
persuasion	orthodox	city:sardis-sart	250	259	3	presence
persuasion	orthodox	city:sardis-sart	300	359	3	presence
persuasion	orthodox	city:sardis-sart	60	89	3	presence
persuasion	orthodox	city:scythopolis-bet-shean	40	359	3	presence
persuasion	orthodox	city:sebaste-sivas	280	359	3	presence
persuasion	orthodox	city:seleucia-pieria-cevlik	300	359	3	presence
persuasion	orthodox	city:seleucia-pieria-cevlik	40	59	3	presence
persuasion	orthodox	city:serdica-sofia	100	359	3	presence
persuasion	orthodox	city:sidon-sidon-saida	250	259	3	presence
persuasion	orthodox	city:sidon-sidon-saida	300	359	3	presence
persuasion	orthodox	city:sidon-sidon-saida	40	69	3	presence
persuasion	orthodox	city:sirmium-sremska-mitrovica	100	359	3	presence
persuasion	orthodox	city:smyrna-izmir	190	199	3	presence
persuasion	orthodox	city:smyrna-izmir	240	249	3	presence
persuasion	orthodox	city:smyrna-izmir	300	359	3	presence
persuasion	orthodox	city:smyrna-izmir	60	179	3	presence
persuasion	orthodox	city:thessalonica-thessaloniki	50	359	3	presence
persuasion	orthodox	city:thyatira-akhisar	290	359	3	presence
persuasion	orthodox	city:thyatira-akhisar	60	89	3	presence
persuasion	orthodox	city:tiberias-tiberias	40	359	3	presence
persuasion	orthodox	city:tomis-constanta	100	359	3	presence
persuasion	orthodox	city:trapezus-trabzon	40	359	3	presence
persuasion	orthodox	city:tyre-tyre-sur	50	359	3	presence
persuasion	proto-orthodox	city:aksum-axum-axum	310	359	3	presence
persuasion	proto-orthodox	city:alexandria-alexandria	40	319	3	presence
persuasion	proto-orthodox	city:amida-diyarbak-r	100	319	3	presence
persuasion	proto-orthodox	city:ancyra-ankara	40	319	3	presence
persuasion	proto-orthodox	city:antinoopolis-sheikh-ibada	130	319	3	presence
persuasion	proto-orthodox	city:antioch-antakya	40	319	3	presence
persuasion	proto-orthodox	city:apamea-afamia	100	319	3	presence
persuasion	proto-orthodox	city:aquileia-aquileia	50	319	3	presence
persuasion	proto-orthodox	city:arelate-arles	100	319	3	presence
persuasion	proto-orthodox	city:ascalon-ashkelon	40	259	3	presence
persuasion	proto-orthodox	city:athens-athens	250	259	3	presence
persuasion	proto-orthodox	city:athens-athens	300	319	3	presence
persuasion	proto-orthodox	city:athens-athens	50	189	3	presence
persuasion	proto-orthodox	city:attalia-antalya	300	319	3	presence
persuasion	proto-orthodox	city:attalia-antalya	40	59	3	presence
persuasion	proto-orthodox	city:augusta-treverorum-trier	100	319	3	presence
persuasion	proto-orthodox	city:augusta-vindelicorum-augsburg	200	319	3	presence
persuasion	proto-orthodox	city:azotus-ashdod	200	209	3	presence
persuasion	proto-orthodox	city:azotus-ashdod	40	59	3	presence
persuasion	proto-orthodox	city:barcinonae-barcelona	100	319	3	presence
persuasion	proto-orthodox	city:beroia-veria	300	319	3	presence
persuasion	proto-orthodox	city:beroia-veria	50	79	3	presence
persuasion	proto-orthodox	city:berytus-beirut	40	319	3	presence
persuasion	proto-orthodox	city:bethany-al-eizariya	40	319	3	presence
persuasion	proto-orthodox	city:bethlehem-bethlehem	40	319	3	presence
persuasion	proto-orthodox	city:bononia-bologna	100	319	3	presence
persuasion	proto-orthodox	city:bostra-bosra	100	259	3	presence
persuasion	proto-orthodox	city:bostra-bosra	300	319	3	presence
persuasion	proto-orthodox	city:brundisium-brindisi	40	259	3	presence
persuasion	proto-orthodox	city:byzantium-istanbul	100	199	3	presence
persuasion	proto-orthodox	city:byzantium-istanbul	280	319	3	presence
persuasion	proto-orthodox	city:caesaraugusta-zaragoza	60	319	3	presence
persuasion	proto-orthodox	city:caesarea-cappadocia-kayseri	150	279	3	presence
persuasion	proto-orthodox	city:caesarea-cappadocia-kayseri	300	319	3	presence
persuasion	proto-orthodox	city:caesarea-maritima-caesarea	40	319	3	presence
persuasion	proto-orthodox	city:caesarea-philippi-banias	40	319	3	presence
persuasion	proto-orthodox	city:capernaum-kefar-nahum	40	319	3	presence
persuasion	proto-orthodox	city:capua-santa-maria-capua-vetere	40	319	3	presence
persuasion	proto-orthodox	city:carnuntum-petronell-carnuntum	100	319	3	presence
persuasion	proto-orthodox	city:carrhae-harran	40	319	3	presence
persuasion	proto-orthodox	city:carthage-carthage	100	359	3	presence
persuasion	proto-orthodox	city:cenchreae-kenchreai	310	319	3	presence
persuasion	proto-orthodox	city:cenchreae-kenchreai	50	69	3	presence
persuasion	proto-orthodox	city:chalcedon-kad-koy-istanbul	100	319	3	presence
persuasion	proto-orthodox	city:cirta-constantine	100	329	3	presence
persuasion	proto-orthodox	city:colonia-agrippina-cologne	100	319	3	presence
persuasion	proto-orthodox	city:colossae-near-honaz	60	209	3	presence
persuasion	proto-orthodox	city:corduba-cordoba	60	319	3	presence
persuasion	proto-orthodox	city:corinth-ancient-corinth	230	239	3	presence
persuasion	proto-orthodox	city:corinth-ancient-corinth	250	319	3	presence
persuasion	proto-orthodox	city:corinth-ancient-corinth	50	209	3	presence
persuasion	proto-orthodox	city:cyprus-salamis-famagusta-area	40	319	3	presence
persuasion	proto-orthodox	city:cyrene-shahhat	100	319	3	presence
persuasion	proto-orthodox	city:cyrene-shahhat	40	69	3	presence
persuasion	proto-orthodox	city:damascus-damascus	40	319	3	presence
persuasion	proto-orthodox	city:derbe-near-karaman	190	209	3	presence
persuasion	proto-orthodox	city:derbe-near-karaman	50	69	3	presence
persuasion	proto-orthodox	city:dura-europos-salihiye-submerged	100	269	3	presence
persuasion	proto-orthodox	city:eboracum-york	100	319	3	presence
persuasion	proto-orthodox	city:edessa-sanl-urfa	40	329	3	presence
persuasion	proto-orthodox	city:elvira-iliberis-near-granada	200	319	3	presence
persuasion	proto-orthodox	city:emerita-augusta-merida	60	319	3	presence
persuasion	proto-orthodox	city:emesa-homs	100	319	3	presence
persuasion	proto-orthodox	city:emmaus-emmaus-location-disputed	40	319	3	presence
persuasion	proto-orthodox	city:ephesus-selcuk-area	230	239	3	presence
persuasion	proto-orthodox	city:ephesus-selcuk-area	250	259	3	presence
persuasion	proto-orthodox	city:ephesus-selcuk-area	300	319	3	presence
persuasion	proto-orthodox	city:ephesus-selcuk-area	50	209	3	presence
persuasion	proto-orthodox	city:flavia-neapolis-nablus	100	129	3	presence
persuasion	proto-orthodox	city:flavia-neapolis-nablus	300	319	3	presence
persuasion	proto-orthodox	city:flavia-neapolis-nablus	40	59	3	presence
persuasion	proto-orthodox	city:flavia-neapolis-nablus	70	79	3	presence
persuasion	proto-orthodox	city:gadara-umm-qays	40	319	3	presence
persuasion	proto-orthodox	city:gangra-cank-r	200	319	3	presence
persuasion	proto-orthodox	city:gaza-gaza	200	209	3	presence
persuasion	proto-orthodox	city:gaza-gaza	250	259	3	presence
persuasion	proto-orthodox	city:gaza-gaza	300	319	3	presence
persuasion	proto-orthodox	city:gaza-gaza	40	59	3	presence
persuasion	proto-orthodox	city:gaza-gaza	70	79	3	presence
persuasion	proto-orthodox	city:gerasa-jerash	100	319	3	presence
persuasion	proto-orthodox	city:gortyna-gortyna	100	109	3	presence
persuasion	proto-orthodox	city:gortyna-gortyna	120	129	3	presence
persuasion	proto-orthodox	city:gortyna-gortyna	160	169	3	presence
persuasion	proto-orthodox	city:gortyna-gortyna	300	319	3	presence
persuasion	proto-orthodox	city:gortyna-gortyna	40	69	3	presence
persuasion	proto-orthodox	city:heliopolis-baalbek	100	319	3	presence
persuasion	proto-orthodox	city:hierapolis-pamukkale	250	259	3	presence
persuasion	proto-orthodox	city:hierapolis-pamukkale	300	319	3	presence
persuasion	proto-orthodox	city:hierapolis-pamukkale	60	179	3	presence
persuasion	proto-orthodox	city:hippo-regius-annaba	100	329	3	presence
persuasion	proto-orthodox	city:hispalis-seville	100	319	3	presence
persuasion	proto-orthodox	city:iconium-konya	250	259	3	presence
persuasion	proto-orthodox	city:iconium-konya	300	319	3	presence
persuasion	proto-orthodox	city:iconium-konya	50	79	3	presence
persuasion	proto-orthodox	city:iconium-konya	90	99	3	presence
persuasion	proto-orthodox	city:jerusalem-jerusalem	40	319	3	presence
persuasion	proto-orthodox	city:joppa-jaffa-tel-aviv-yafo	310	319	3	presence
persuasion	proto-orthodox	city:joppa-jaffa-tel-aviv-yafo	40	139	3	presence
persuasion	proto-orthodox	city:laodicea-ad-mare-latakia	40	319	3	presence
persuasion	proto-orthodox	city:laodicea-denizli-area	140	169	3	presence
persuasion	proto-orthodox	city:laodicea-denizli-area	300	319	3	presence
persuasion	proto-orthodox	city:laodicea-denizli-area	60	89	3	presence
persuasion	proto-orthodox	city:leptis-magna-leptis-magna-near-al-khums	100	319	3	presence
persuasion	proto-orthodox	city:londinium-london	190	319	3	presence
persuasion	proto-orthodox	city:lugdunum-lyon	140	219	3	presence
persuasion	proto-orthodox	city:lugdunum-lyon	250	259	3	presence
persuasion	proto-orthodox	city:lugdunum-lyon	280	289	3	presence
persuasion	proto-orthodox	city:lugdunum-lyon	300	319	3	presence
persuasion	proto-orthodox	city:lystra-hatunsaray	250	259	3	presence
persuasion	proto-orthodox	city:lystra-hatunsaray	300	319	3	presence
persuasion	proto-orthodox	city:lystra-hatunsaray	50	69	3	presence
persuasion	proto-orthodox	city:malabar-coast-india-kerala-region	280	329	3	presence
persuasion	proto-orthodox	city:malabar-coast-india-kerala-region	60	69	3	presence
persuasion	proto-orthodox	city:malta-valletta-area	200	209	3	presence
persuasion	proto-orthodox	city:malta-valletta-area	60	79	3	presence
persuasion	proto-orthodox	city:massilia-marseille	160	189	3	presence
persuasion	proto-orthodox	city:massilia-marseille	250	259	3	presence
persuasion	proto-orthodox	city:massilia-marseille	300	319	3	presence
persuasion	proto-orthodox	city:mediolanum-milan	50	319	3	presence
persuasion	proto-orthodox	city:memphis-mit-rahina-near-cairo	40	319	3	presence
persuasion	proto-orthodox	city:miletus-milet	250	259	3	presence
persuasion	proto-orthodox	city:miletus-milet	300	319	3	presence
persuasion	proto-orthodox	city:miletus-milet	60	69	3	presence
persuasion	proto-orthodox	city:mtskheta-mtskheta	290	329	3	presence
persuasion	proto-orthodox	city:myra-demre	50	319	3	presence
persuasion	proto-orthodox	city:naissus-nis	100	319	3	presence
persuasion	proto-orthodox	city:narbo-narbonne	100	319	3	presence
persuasion	proto-orthodox	city:nazareth-nazareth	40	319	3	presence
persuasion	proto-orthodox	city:nazianzus-bekarlar-near-guzelyurt	260	279	3	presence
persuasion	proto-orthodox	city:neapolis-naples	40	319	3	presence
persuasion	proto-orthodox	city:neocaesarea-niksar	300	319	3	presence
persuasion	proto-orthodox	city:neocaesarea-niksar	60	279	3	presence
persuasion	proto-orthodox	city:nicaea-iznik	100	119	3	presence
persuasion	proto-orthodox	city:nicaea-iznik	280	289	3	presence
persuasion	proto-orthodox	city:nicaea-iznik	300	319	3	presence
persuasion	proto-orthodox	city:nicomedia-izmit	100	129	3	presence
persuasion	proto-orthodox	city:nicomedia-izmit	200	209	3	presence
persuasion	proto-orthodox	city:nicomedia-izmit	250	259	3	presence
persuasion	proto-orthodox	city:nicomedia-izmit	280	319	3	presence
persuasion	proto-orthodox	city:nicopolis-nicopolis-preveza-area	50	319	3	presence
persuasion	proto-orthodox	city:nisibis-nusaybin	100	319	3	presence
persuasion	proto-orthodox	city:ostia-ostia-antica	100	319	3	presence
persuasion	proto-orthodox	city:ostia-ostia-antica	40	69	3	presence
persuasion	proto-orthodox	city:oxyrhynchus-el-bahnasa	100	319	3	presence
persuasion	proto-orthodox	city:palmyra-tadmur	100	319	3	presence
persuasion	proto-orthodox	city:paphos-paphos	300	319	3	presence
persuasion	proto-orthodox	city:paphos-paphos	40	59	3	presence
persuasion	proto-orthodox	city:patmos-patmos	60	319	3	presence
persuasion	proto-orthodox	city:pella-pella-tabaqat-fahl	40	79	3	presence
persuasion	proto-orthodox	city:perga-aksu	300	319	3	presence
persuasion	proto-orthodox	city:perga-aksu	40	59	3	presence
persuasion	proto-orthodox	city:pergamon-bergama	120	139	3	presence
persuasion	proto-orthodox	city:pergamon-bergama	240	249	3	presence
persuasion	proto-orthodox	city:pergamon-bergama	300	319	3	presence
persuasion	proto-orthodox	city:pergamon-bergama	60	109	3	presence
persuasion	proto-orthodox	city:petra-petra	40	319	3	presence
persuasion	proto-orthodox	city:philadelphia-alasehir	110	129	3	presence
persuasion	proto-orthodox	city:philadelphia-alasehir	150	169	3	presence
persuasion	proto-orthodox	city:philadelphia-alasehir	250	259	3	presence
persuasion	proto-orthodox	city:philadelphia-alasehir	300	319	3	presence
persuasion	proto-orthodox	city:philadelphia-alasehir	60	89	3	presence
persuasion	proto-orthodox	city:philadelphia-arabia-amman	40	319	3	presence
persuasion	proto-orthodox	city:philippi-filippoi	50	319	3	presence
persuasion	proto-orthodox	city:philippopolis-plovdiv	100	319	3	presence
persuasion	proto-orthodox	city:pisidian-antioch-yalvac	40	319	3	presence
persuasion	proto-orthodox	city:ptolemais-akko	300	319	3	presence
persuasion	proto-orthodox	city:ptolemais-akko	50	59	3	presence
persuasion	proto-orthodox	city:puteoli-pozzuoli	110	119	3	presence
persuasion	proto-orthodox	city:puteoli-pozzuoli	150	159	3	presence
persuasion	proto-orthodox	city:puteoli-pozzuoli	300	319	3	presence
persuasion	proto-orthodox	city:puteoli-pozzuoli	60	79	3	presence
persuasion	proto-orthodox	city:ravenna-ravenna	100	319	3	presence
persuasion	proto-orthodox	city:rhegium-reggio-calabria	50	209	3	presence
persuasion	proto-orthodox	city:rome-rome	40	319	3	presence
persuasion	proto-orthodox	city:salona-solin-near-split	40	319	3	presence
persuasion	proto-orthodox	city:samaria-sebastiyah	40	119	3	presence
persuasion	proto-orthodox	city:samaria-sebastiyah	300	319	3	presence
persuasion	proto-orthodox	city:samosata-samsat-submerged	40	319	3	presence
persuasion	proto-orthodox	city:sardis-sart	110	119	3	presence
persuasion	proto-orthodox	city:sardis-sart	140	199	3	presence
persuasion	proto-orthodox	city:sardis-sart	250	259	3	presence
persuasion	proto-orthodox	city:sardis-sart	300	319	3	presence
persuasion	proto-orthodox	city:sardis-sart	60	89	3	presence
persuasion	proto-orthodox	city:scythopolis-bet-shean	40	319	3	presence
persuasion	proto-orthodox	city:sebaste-sivas	280	319	3	presence
persuasion	proto-orthodox	city:seleucia-ctesiphon-al-madain	100	359	3	presence
persuasion	proto-orthodox	city:seleucia-pieria-cevlik	300	319	3	presence
persuasion	proto-orthodox	city:seleucia-pieria-cevlik	40	59	3	presence
persuasion	proto-orthodox	city:serdica-sofia	100	319	3	presence
persuasion	proto-orthodox	city:sidon-sidon-saida	250	259	3	presence
persuasion	proto-orthodox	city:sidon-sidon-saida	300	319	3	presence
persuasion	proto-orthodox	city:sidon-sidon-saida	40	69	3	presence
persuasion	proto-orthodox	city:sinope-sinop	200	209	3	presence
persuasion	proto-orthodox	city:sinope-sinop	250	259	3	presence
persuasion	proto-orthodox	city:sinope-sinop	300	319	3	presence
persuasion	proto-orthodox	city:sinope-sinop	40	149	3	presence
persuasion	proto-orthodox	city:sirmium-sremska-mitrovica	100	319	3	presence
persuasion	proto-orthodox	city:smyrna-izmir	190	199	3	presence
persuasion	proto-orthodox	city:smyrna-izmir	240	249	3	presence
persuasion	proto-orthodox	city:smyrna-izmir	300	319	3	presence
persuasion	proto-orthodox	city:smyrna-izmir	60	179	3	presence
persuasion	proto-orthodox	city:syracuse-syracuse	50	319	3	presence
persuasion	proto-orthodox	city:tarraco-tarragona	60	319	3	presence
persuasion	proto-orthodox	city:tarsus-tarsus	250	259	3	presence
persuasion	proto-orthodox	city:tarsus-tarsus	280	289	3	presence
persuasion	proto-orthodox	city:tarsus-tarsus	300	319	3	presence
persuasion	proto-orthodox	city:tarsus-tarsus	40	69	3	presence
persuasion	proto-orthodox	city:thebes-luxor	200	319	3	presence
persuasion	proto-orthodox	city:thessalonica-thessaloniki	50	319	3	presence
persuasion	proto-orthodox	city:thyatira-akhisar	290	319	3	presence
persuasion	proto-orthodox	city:thyatira-akhisar	60	89	3	presence
persuasion	proto-orthodox	city:tiberias-tiberias	40	319	3	presence
persuasion	proto-orthodox	city:tolosa-toulouse	100	319	3	presence
persuasion	proto-orthodox	city:tomis-constanta	100	319	3	presence
persuasion	proto-orthodox	city:trapezus-trabzon	40	319	3	presence
persuasion	proto-orthodox	city:troas-alexandria-troas	110	119	3	presence
persuasion	proto-orthodox	city:troas-alexandria-troas	250	259	3	presence
persuasion	proto-orthodox	city:troas-alexandria-troas	300	319	3	presence
persuasion	proto-orthodox	city:troas-alexandria-troas	50	69	3	presence
persuasion	proto-orthodox	city:tyre-tyre-sur	50	319	3	presence
persuasion	proto-orthodox	city:vagharshapat-vagharshapat-etchmiadzin	270	319	3	presence
persuasion	proto-orthodox	city:valentia-valencia	100	319	3	presence
persuasion	proto-orthodox	city:vienne-vienne	160	189	3	presence
persuasion	proto-orthodox	city:vienne-vienne	250	259	3	presence
persuasion	proto-orthodox	city:vienne-vienne	300	319	3	presence
persuasion	quartodeciman	city:ephesus-selcuk-area	180	189	3	presence
persuasion	quartodeciman	city:sardis-sart	160	179	3	presence
work	didache	city:antioch-antakya	80	120	5	written_in
work	ignatius-smyrnaeans	city:smyrna-izmir	107	110	5	written_in
work	ignatius-smyrnaeans	city:smyrna-izmir	107	110	4	sent_to
work	irenaeus-against-heresies	city:lugdunum-lyon	180	185	5	written_in
