relation_id	source_type	source_id	relation_type	target_type	target_id	year_start	year_end	weight	polarity	certainty	evidence_note_id	citations
rel-0001	work	didache	affirms	doctrine	baptismal-regeneration	80	120	4				https://www.newadvent.org/fathers/0714.htm
rel-0002	work	ignatius-smyrnaeans	first_mentions	doctrine	monarchical-episcopacy	107	110	5				https://www.newadvent.org/fathers/0109.htm
rel-0003	work	irenaeus-against-heresies	affirms	doctrine	apostolic-succession	180	185	5				https://www.newadvent.org/fathers/0103.htm
rel-pp-001	person	paul	co-worker	person	barnabas	45	50	5	supports	attested		Acts 13:1–15:39; Gal 2:1
rel-pp-002	person	paul	co-worker	person	silas	49	57	5	supports	attested		Acts 15:40–18:5; 2 Cor 1:19
rel-pp-003	person	paul	co-worker	person	timothy	49	65	5	supports	attested		Acts 16:1–3; Phil 2:19–23; 1 Tim 1:2
rel-pp-004	person	paul	co-worker	person	luke	50	65	5	supports	attested		Col 4:14; 2 Tim 4:11; Phlm 24
rel-pp-005	person	paul	co-worker	person	titus	50	65	4	supports	attested		Gal 2:1–3; 2 Cor 2:13; Tit 1:4
rel-pp-006	person	paul	co-worker	person	aquila	50	56	4	supports	attested		Acts 18:2–3; Rom 16:3
rel-pp-007	person	paul	co-worker	person	priscilla	50	56	4	supports	attested		Acts 18:2–3; Rom 16:3
rel-pp-008	person	paul	co-worker	person	epaphras	55	65	4	supports	attested		Col 1:7; 4:12; Phlm 23
rel-pp-009	person	paul	co-worker	person	epaphroditus	60	65	4	supports	attested		Phil 2:25; 4:18
rel-pp-010	person	paul	co-worker	person	mark-the-evangelist	45	65	3	supports	attested		Acts 13:5,13; 2 Tim 4:11
rel-pp-011	person	paul	co-worker	person	aristarchus	57	62	4	supports	attested		Acts 19:29; 27:2; Col 4:10
rel-pp-012	person	paul	co-worker	person	sosthenes	54	54	3	supports	attested		1 Cor 1:1
rel-pp-013	person	paul	co-worker	person	tychicus	60	65	4	supports	attested		Eph 6:21; Col 4:7; 2 Tim 4:12
rel-pp-014	person	paul	co-worker	person	trophimus	57	57	3	supports	attested		Acts 21:29; 2 Tim 4:20
rel-pp-015	person	paul	co-worker	person	philemon	60	65	3	supports	attested		Phlm 1–2
rel-pp-016	person	paul	co-worker	person	onesimus	60	65	3	supports	attested		Phlm 10–16
rel-pp-017	person	paul	co-worker	person	apollos	53	55	3	supports	attested		1 Cor 3:4–9; 16:12; Acts 18:27–19:1
rel-pp-018	person	barnabas	co-worker	person	mark-the-evangelist	45	57	4	supports	attested		Acts 13:5; 15:36–39; Col 4:10
rel-pp-019	person	priscilla	teacher_of	person	apollos	52	53	4	supports	attested		Acts 18:26
rel-pp-020	person	aquila	teacher_of	person	apollos	52	53	4	supports	attested		Acts 18:26
rel-pp-021	person	peter	co-worker	person	mark-the-evangelist	50	65	5	supports	attested		1 Pet 5:13; Eusebius HE 2.15; Irenaeus AH 3.1.1
rel-pp-022	person	peter	co-worker	person	barnabas	48	50	4	supports	attested		Gal 2:9
rel-pp-023	person	peter	co-worker	person	silas	60	65	4	supports	attested		1 Pet 5:12
rel-pp-024	person	peter	co-worker	person	john-the-apostle	30	65	5	supports	attested		Acts 3:1; 8:14; Gal 2:9
rel-pp-025	person	james-the-just	co-worker	person	peter	33	44	5	supports	attested		Gal 2:9; Acts 15:13–21
rel-pp-026	person	james-the-just	co-worker	person	john-the-apostle	33	62	5	supports	attested		Gal 2:9
rel-pp-027	person	peter	opposed	person	simon-magus	35	65	4	opposes	attested		Acts 8:9–24
rel-pp-028	person	john-the-apostle	teacher_of	person	polycarp-of-smyrna	85	100	5	supports	attested		Irenaeus, Letter to Florinus (Eusebius HE 5.20.6); Irenaeus AH 3.3.4
rel-pp-029	person	john-the-apostle	teacher_of	person	papias-of-hierapolis	85	100	4	supports	claimed_tradition		Eusebius HE 3.39.4
rel-pp-030	person	john-the-apostle	teacher_of	person	ignatius-of-antioch	80	100	3	supports	claimed_tradition		Early tradition; Theodoret HE 3.3
rel-pp-031	person	polycarp-of-smyrna	co-worker	person	ignatius-of-antioch	107	110	5	supports	attested		Ignatius, Letter to Polycarp; Ignatius, Letter to Smyrnaeans
rel-pp-032	person	polycarp-of-smyrna	teacher_of	person	irenaeus-of-lyon	140	160	5	supports	attested		Irenaeus, Letter to Florinus (Eusebius HE 5.20); Irenaeus AH 3.3.4
rel-pp-033	person	irenaeus-of-lyon	teacher_of	person	hippolytus	190	200	3	supports	probable		Photius, Bibliotheca cod. 121; tradition
rel-pp-034	person	pantaenus	teacher_of	person	clement-of-alexandria	175	190	5	supports	attested		Eusebius HE 5.11.1–2; 6.13.2
rel-pp-035	person	clement-of-alexandria	teacher_of	person	origen	195	202	5	supports	attested		Eusebius HE 6.6; Origen, Hom. on Luke 1
rel-pp-036	person	origen	teacher_of	person	gregory-thaumaturgus	233	238	5	supports	attested		Gregory Thaumaturgus, Address of Thanksgiving to Origen
rel-pp-037	person	origen	teacher_of	person	heraclas	200	215	4	supports	attested		Eusebius HE 6.15
rel-pp-038	person	origen	teacher_of	person	dionysius-of-alexandria	215	231	4	supports	probable		Eusebius HE 6.29.4; Jerome, Vir. Ill. 69
rel-pp-039	person	pamphilus-of-caesarea	teacher_of	person	eusebius-of-caesarea	290	309	5	supports	attested		Eusebius, own testimony; Jerome, Vir. Ill. 81
rel-pp-040	person	eusebius-of-caesarea	teacher_of	person	acacius-of-caesarea	320	340	4	supports	attested		Jerome, Vir. Ill. 98
rel-pp-041	person	lucian-of-antioch	teacher_of	person	arius	270	311	4	supports	probable		Theodoret HE 1.5; Alexander of Alexandria, Encyclical Letter
rel-pp-042	person	lucian-of-antioch	teacher_of	person	eusebius-of-nicomedia	270	311	4	supports	probable		Theodoret HE 1.5; Philostorgius HE 2.14
rel-pp-043	person	alexander-of-alexandria	mentor_of	person	athanasius-of-alexandria	312	328	5	supports	attested		Socrates HE 1.15; Sozomen HE 2.17
rel-pp-044	person	arius	opposed	person	alexander-of-alexandria	318	328	5	opposes	attested		Eusebius HE 1.2; Theodoret HE 1.5; Alexander's Encyclical Letter
rel-pp-045	person	arius	opposed	person	athanasius-of-alexandria	325	336	5	opposes	attested		Athanasius, Orations against Arians; De synodis
rel-pp-046	person	athanasius-of-alexandria	opposed	person	arius	318	336	5	opposes	attested		Athanasius, Orations against Arians; De decretis
rel-pp-047	person	athanasius-of-alexandria	opposed	person	eusebius-of-nicomedia	325	341	4	opposes	attested		Socrates HE 1.23; Sozomen HE 2.20
rel-pp-048	person	eusebius-of-nicomedia	co-worker	person	arius	318	336	4	supports	attested		Eusebius of Nic., Letter to Pamphilius defending Arius (Theodoret HE 1.5)
rel-pp-049	person	victor-i	opposed	person	polycrates-of-ephesus	190	195	4	opposes	attested		Eusebius HE 5.24
rel-pp-050	person	polycrates-of-ephesus	opposed	person	victor-i	190	195	4	opposes	attested		Eusebius HE 5.24 (Polycrates' letter)
rel-pp-051	person	irenaeus-of-lyon	mediator_between	person	victor-i	190	195	4	neutral	attested		Eusebius HE 5.24.11–17 (Irenaeus's conciliatory letter to Victor)
rel-pp-052	person	novatian	opposed	person	cornelius	251	258	5	opposes	attested		Eusebius HE 6.43–46; Cyprian Ep. 49–50
rel-pp-053	person	cornelius	opposed	person	novatian	251	253	5	opposes	attested		Cyprian Ep. 49; Eusebius HE 6.43
rel-pp-054	person	cyprian-of-carthage	co-worker	person	cornelius	251	253	4	supports	attested		Cyprian Ep. 44–55; Eusebius HE 6.43
rel-pp-055	person	stephen-i	opposed	person	cyprian-of-carthage	254	258	4	opposes	attested		Cyprian Ep. 74; Eusebius HE 7.2–5; Firmilian Ep. 75
rel-pp-056	person	cyprian-of-carthage	opposed	person	stephen-i	254	258	4	opposes	attested		Cyprian Ep. 74
rel-pp-057	person	firmilian-of-caesarea	co-worker	person	origen	231	268	4	supports	attested		Eusebius HE 6.26–27
rel-pp-058	person	firmilian-of-caesarea	co-worker	person	cyprian-of-carthage	251	268	4	supports	attested		Cyprian Ep. 75 (Firmilian's letter)
rel-pp-059	person	dionysius-of-alexandria	co-worker	person	cornelius	249	253	3	supports	attested		Eusebius HE 6.46
rel-pp-060	person	dionysius-of-alexandria	opposed	person	novatian	251	264	3	opposes	attested		Eusebius HE 6.45
rel-pp-061	person	hippolytus	opposed	person	callixtus-i	217	222	5	opposes	attested		Hippolytus, Refutatio Omnium Haeresium 9.12
rel-pp-062	person	hippolytus	opposed	person	zephyrinus	199	217	4	opposes	attested		Hippolytus, Refutatio 9.11
rel-pp-063	person	callixtus-i	opposed	person	hippolytus	217	222	4	opposes	attested		Hippolytus, Refutatio 9.12; Eusebius HE 6.21
rel-pp-064	person	paul-of-samosata	opposed	person	dionysius-of-alexandria	264	265	4	opposes	attested		Eusebius HE 7.27–29
rel-pp-065	person	paul-of-samosata	opposed	person	dionysius-of-rome	264	268	4	opposes	attested		Eusebius HE 7.27 (Council of Antioch 268)
rel-pp-066	person	tertullian	opposed	person	marcion	200	213	5	opposes	attested		Tertullian, Adversus Marcionem (5 books)
rel-pp-067	person	irenaeus-of-lyon	opposed	person	marcion	175	185	5	opposes	attested		Irenaeus, Against Heresies 1.27; 4.34
rel-pp-068	person	irenaeus-of-lyon	opposed	person	valentinus	175	185	5	opposes	attested		Irenaeus, Against Heresies 1.1–12; 2.1–15
rel-pp-069	person	justin-martyr	opposed	person	marcion	140	165	4	opposes	attested		Justin, 1 Apology 26; 58; Dialogue 35
rel-pp-070	person	clement-of-alexandria	opposed	person	valentinus	195	210	4	opposes	attested		Clement, Stromateis 4.13; 7.17
rel-pp-071	person	clement-of-alexandria	opposed	person	basilides	195	210	4	opposes	attested		Clement, Stromateis 4.12; 5.1
rel-pp-072	person	tertullian	opposed	person	valentinus	200	213	4	opposes	attested		Tertullian, Adversus Valentinianos
rel-pp-073	person	origen	opposed	person	marcion	230	250	4	opposes	attested		Origen, Commentary on John 6; Contra Celsum 6
rel-pp-074	person	constantine-i	co-worker	person	hosius-of-corduba	312	337	5	supports	attested		Eusebius, Vita Constantini 3.7; Athanasius, Hist. Ar. 42
rel-pp-075	person	hosius-of-corduba	co-worker	person	constantine-i	312	337	5	supports	attested		Eusebius, Vita Constantini 3.7; Athanasius, De synodis
rel-pp-076	person	constantius-chlorus	parent_of	person	constantine-i	272	306	5	neutral	attested		Eusebius, Vita Constantini 1.12; Lactantius, De mort. pers. 24
rel-pp-077	person	helena	parent_of	person	constantine-i	272	330	5	neutral	attested		Eusebius, Vita Constantini 3.42–47
rel-pp-078	person	peter	ordained	person	linus	64	76	3	supports	claimed_tradition		Irenaeus AH 3.3.3; Eusebius HE 3.2.1
rel-pp-079	person	linus	successor_of	person	peter	64	67	4	neutral	claimed_tradition		Irenaeus AH 3.3.3; Eusebius HE 3.2
rel-pp-080	person	anacletus	successor_of	person	linus	76	88	3	neutral	claimed_tradition		Irenaeus AH 3.3.3; Eusebius HE 3.13
rel-pp-081	person	clement-of-rome	successor_of	person	anacletus	88	99	4	neutral	claimed_tradition		Irenaeus AH 3.3.3; Eusebius HE 3.15
rel-pp-082	person	evaristus	successor_of	person	clement-of-rome	99	107	3	neutral	claimed_tradition		Eusebius HE 3.34
rel-pp-083	person	simeon-bar-cleophas	successor_of	person	james-the-just	62	63	4	neutral	claimed_tradition		Eusebius HE 3.11; Hegesippus (Eusebius HE 4.22)
rel-pp-084	person	fabian	co-worker	person	origen	236	248	3	supports	attested		Eusebius HE 6.36 (Fabian sent Origen a letter)
rel-pp-085	person	dionysius-of-alexandria	co-worker	person	dionysius-of-rome	259	268	3	supports	attested		Eusebius HE 7.7–9 (shared letters on the Trinity)
rel-pp-086	person	origen	co-worker	person	alexander-of-jerusalem	215	231	3	supports	attested		Eusebius HE 6.14.8–9; 6.27 (Origen preached in Jerusalem)
rel-pp-087	person	gregory-thaumaturgus	disciple_of	person	origen	233	238	5	supports	attested		Gregory Thaumaturgus, Panegyric/Address to Origen
rel-pp-088	person	heraclas	disciple_of	person	origen	200	215	4	supports	attested		Eusebius HE 6.15
rel-pp-089	person	dionysius-of-alexandria	disciple_of	person	origen	215	232	4	supports	probable		Eusebius HE 6.29.4
rel-pp-090	person	eusebius-of-caesarea	disciple_of	person	pamphilus-of-caesarea	290	309	5	supports	attested		Eusebius HE, own preface; Jerome, Vir. Ill. 81
rel-pp-091	person	acacius-of-caesarea	disciple_of	person	eusebius-of-caesarea	320	339	4	supports	attested		Jerome, Vir. Ill. 98
rel-pp-092	person	arius	disciple_of	person	lucian-of-antioch	270	311	4	supports	probable		Theodoret HE 1.5; Philostorgius HE 2.14
rel-pp-093	person	eusebius-of-nicomedia	disciple_of	person	lucian-of-antioch	270	311	4	supports	probable		Theodoret HE 1.5; Philostorgius HE 2.14
rel-pp-094	person	athanasius-of-alexandria	disciple_of	person	alexander-of-alexandria	312	328	5	supports	attested		Socrates HE 1.15; Sozomen HE 2.17
rel-pp-095	person	irenaeus-of-lyon	disciple_of	person	polycarp-of-smyrna	140	160	5	supports	attested		Irenaeus, Letter to Florinus (Eusebius HE 5.20.6)
rel-pp-096	person	polycarp-of-smyrna	disciple_of	person	john-the-apostle	85	100	5	supports	attested		Irenaeus AH 3.3.4; Eusebius HE 5.20.6
rel-pp-097	person	papias-of-hierapolis	disciple_of	person	john-the-apostle	85	100	3	supports	claimed_tradition		Eusebius HE 3.39.4
rel-pp-098	person	paul	ordained	person	timothy	49	50	4	supports	attested		1 Tim 4:14; 2 Tim 1:6
rel-pp-099	person	paul	ordained	person	titus	55	57	3	supports	attested		Tit 1:5 (implied)
rel-pp-100	person	irenaeus-of-lyon	opposed	person	hippolytus	199	200	2	opposes	unknown		Hippolytus possibly criticized Irenaeus's millenarianism; tradition uncertain
rel-pc-001	person	linus	bishop_of	city	rome-rome	64	76	4	neutral	claimed_tradition		Irenaeus AH 3.3.3; Eusebius HE 3.2.1
rel-pc-002	person	anacletus	bishop_of	city	rome-rome	76	88	3	neutral	claimed_tradition		Irenaeus AH 3.3.3; Eusebius HE 3.13.1
rel-pc-003	person	clement-of-rome	bishop_of	city	rome-rome	88	99	5	neutral	attested		Irenaeus AH 3.3.3; Eusebius HE 3.15–16; 1 Clement
rel-pc-004	person	evaristus	bishop_of	city	rome-rome	99	107	3	neutral	claimed_tradition		Eusebius HE 3.34
rel-pc-005	person	alexander-i	bishop_of	city	rome-rome	107	115	3	neutral	claimed_tradition		Eusebius HE 4.1; Liber Pontificalis
rel-pc-006	person	sixtus-i	bishop_of	city	rome-rome	115	125	3	neutral	claimed_tradition		Eusebius HE 4.4; Liber Pontificalis
rel-pc-007	person	telesphorus	bishop_of	city	rome-rome	125	136	4	neutral	attested		Irenaeus AH 3.3.3; Eusebius HE 4.10; martyrdom attested by Irenaeus
rel-pc-008	person	hyginus	bishop_of	city	rome-rome	136	140	3	neutral	claimed_tradition		Eusebius HE 4.11; Liber Pontificalis
rel-pc-009	person	pius-i	bishop_of	city	rome-rome	140	155	4	neutral	claimed_tradition		Eusebius HE 4.11; Muratorian Fragment
rel-pc-010	person	anicetus	bishop_of	city	rome-rome	155	166	4	neutral	attested		Irenaeus in Eusebius HE 4.19; met Polycarp of Smyrna
rel-pc-011	person	soter	bishop_of	city	rome-rome	166	174	4	neutral	attested		Eusebius HE 4.19; letter from Dionysius of Corinth preserved in HE 4.23
rel-pc-012	person	eleutherus	bishop_of	city	rome-rome	174	189	4	neutral	attested		Eusebius HE 5.1.1; Irenaeus knew him as Roman bishop
rel-pc-013	person	victor-i	bishop_of	city	rome-rome	189	198	5	neutral	attested		Eusebius HE 5.22; first Latin-speaking bishop of Rome
rel-pc-014	person	zephyrinus	bishop_of	city	rome-rome	198	217	5	neutral	attested		Hippolytus, Refutatio 9.11; Eusebius HE 6.14
rel-pc-015	person	callixtus-i	bishop_of	city	rome-rome	217	222	5	neutral	attested		Hippolytus, Refutatio 9.12; Eusebius HE 6.21
rel-pc-016	person	urban-i	bishop_of	city	rome-rome	222	230	4	neutral	attested		Eusebius HE 6.21; Cyprian references
rel-pc-017	person	pontian	bishop_of	city	rome-rome	230	235	4	neutral	attested		Eusebius HE 6.29; exiled by Maximinus Thrax to Sardinia
rel-pc-018	person	fabian	bishop_of	city	rome-rome	236	250	5	neutral	attested		Eusebius HE 6.29.4; martyred under Decius 250
rel-pc-019	person	cornelius	bishop_of	city	rome-rome	251	253	5	neutral	attested		Eusebius HE 6.39; Cyprian Ep. 44
rel-pc-020	person	lucius-i	bishop_of	city	rome-rome	253	254	4	neutral	attested		Eusebius HE 7.2; Cyprian Ep. 61
rel-pc-021	person	stephen-i	bishop_of	city	rome-rome	254	257	5	neutral	attested		Eusebius HE 7.5; central figure in rebaptism controversy
rel-pc-022	person	sixtus-ii	bishop_of	city	rome-rome	257	258	5	neutral	attested		Eusebius HE 7.27; martyred 258 under Valerian
rel-pc-023	person	dionysius-of-rome	bishop_of	city	rome-rome	259	268	5	neutral	attested		Eusebius HE 7.27; key correspondent with Dionysius of Alexandria
rel-pc-024	person	felix-i	bishop_of	city	rome-rome	269	274	4	neutral	attested		Eusebius HE 7.30; Liber Pontificalis
rel-pc-025	person	eutychian	bishop_of	city	rome-rome	275	283	4	neutral	attested		Liber Pontificalis; martyrdom doubtful
rel-pc-026	person	caius	bishop_of	city	rome-rome	283	296	4	neutral	attested		Liber Pontificalis; Eusebius HE 7.32
rel-pc-027	person	marcellinus	bishop_of	city	rome-rome	296	304	4	neutral	attested		Liber Pontificalis; accused of apostasy in Great Persecution
rel-pc-028	person	marcellus-i	bishop_of	city	rome-rome	308	309	4	neutral	attested		Liber Pontificalis; Eusebius HE 10.5
rel-pc-029	person	miltiades	bishop_of	city	rome-rome	311	314	4	neutral	attested		Eusebius HE 10.5; presided at Council against Donatism (313)
rel-pc-030	person	sylvester-i	bishop_of	city	rome-rome	314	335	5	neutral	attested		Eusebius HE 10; Liber Pontificalis; contemporary with Council of Nicaea
rel-pc-031	person	julius-i	bishop_of	city	rome-rome	337	352	5	neutral	attested		Socrates HE 2.15; supported Athanasius during exile
rel-pc-032	person	evodius	bishop_of	city	antioch-antakya	53	67	4	neutral	claimed_tradition		Apostolic Constitutions 7.46; Eusebius HE 3.22
rel-pc-033	person	ignatius-of-antioch	bishop_of	city	antioch-antakya	67	107	5	neutral	attested		Eusebius HE 3.36.2; Ignatius's own letters
rel-pc-034	person	theophilus-of-antioch	bishop_of	city	antioch-antakya	169	183	4	neutral	attested		Eusebius HE 4.20; author of Ad Autolycum
rel-pc-035	person	serapion-of-antioch	bishop_of	city	antioch-antakya	189	211	4	neutral	attested		Eusebius HE 5.22; 6.12 (Gospel of Peter controversy)
rel-pc-036	person	asclepiades-of-antioch	bishop_of	city	antioch-antakya	211	220	3	neutral	attested		Eusebius HE 6.11.4; supported Origen
rel-pc-037	person	babylas-of-antioch	bishop_of	city	antioch-antakya	237	253	4	neutral	attested		Eusebius HE 6.29.4; 6.39; martyred under Decius
rel-pc-038	person	paul-of-samosata	bishop_of	city	antioch-antakya	260	268	4	neutral	attested		Eusebius HE 7.27–30; deposed at Council of Antioch 268
rel-pc-039	person	domnus	bishop_of	city	antioch-antakya	268	273	3	neutral	attested		Eusebius HE 7.30.17; succeeded Paul of Samosata
rel-pc-040	person	eustathius-of-antioch	bishop_of	city	antioch-antakya	324	330	4	neutral	attested		Socrates HE 1.23; exiled by Constantine after Nicaea
rel-pc-041	person	mark-the-evangelist	bishop_of	city	alexandria-alexandria	42	68	4	neutral	claimed_tradition		Eusebius HE 2.16; Coptic tradition; traditional founder
rel-pc-042	person	ananianus	bishop_of	city	alexandria-alexandria	68	83	3	neutral	claimed_tradition		Eusebius HE 2.24; Coptic succession list
rel-pc-043	person	avilius	bishop_of	city	alexandria-alexandria	83	95	3	neutral	claimed_tradition		Eusebius HE 3.14; Coptic succession list
rel-pc-044	person	demetrius	bishop_of	city	alexandria-alexandria	189	232	5	neutral	attested		Eusebius HE 5.22; 6.8; oversaw Origen's ordination and eventual expulsion
rel-pc-045	person	heraclas	bishop_of	city	alexandria-alexandria	232	247	4	neutral	attested		Eusebius HE 6.26; succeeded Demetrius; was Origen's student
rel-pc-046	person	dionysius-of-alexandria	bishop_of	city	alexandria-alexandria	247	264	5	neutral	attested		Eusebius HE 6.29; 7.1–28; survived Decian and Valerian persecutions
rel-pc-047	person	maximus-of-alexandria	bishop_of	city	alexandria-alexandria	264	282	3	neutral	attested		Eusebius HE 7.32.28; Dionysius's successor
rel-pc-048	person	theonas	bishop_of	city	alexandria-alexandria	282	300	3	neutral	attested		Eusebius HE 7.32.30; pre-Nicene bishop
rel-pc-049	person	peter-of-alexandria	bishop_of	city	alexandria-alexandria	300	311	5	neutral	attested		Eusebius HE 8.13; martyred in Great Persecution 311
rel-pc-050	person	achillas	bishop_of	city	alexandria-alexandria	311	312	3	neutral	attested		Eusebius HE 7.32; ordained Arius as deacon
rel-pc-051	person	alexander-of-alexandria	bishop_of	city	alexandria-alexandria	312	328	5	neutral	attested		Eusebius HE 10.5; first condemned Arius
rel-pc-052	person	athanasius-of-alexandria	bishop_of	city	alexandria-alexandria	328	373	5	neutral	attested		Socrates HE 1.15; Sozomen HE 2.17; exiled five times
rel-pc-053	person	james-the-just	bishop_of	city	jerusalem-jerusalem	33	62	5	neutral	attested		Gal 2:9; Acts 15; Eusebius HE 2.23; Hegesippus
rel-pc-054	person	simeon-bar-cleophas	bishop_of	city	jerusalem-jerusalem	62	107	4	neutral	claimed_tradition		Eusebius HE 3.11; 4.22; relative of Jesus; martyred under Trajan
rel-pc-055	person	narcissus-of-jerusalem	bishop_of	city	jerusalem-jerusalem	190	212	4	neutral	attested		Eusebius HE 6.9–11; co-bishop with Alexander
rel-pc-056	person	alexander-of-jerusalem	bishop_of	city	jerusalem-jerusalem	212	251	4	neutral	attested		Eusebius HE 6.11; founded Jerusalem library; died in prison under Decius
rel-pc-057	person	mazabanes	bishop_of	city	jerusalem-jerusalem	251	260	3	neutral	attested		Eusebius HE 6.39; Sozomen HE 2.20
rel-pc-058	person	macarius-i	bishop_of	city	jerusalem-jerusalem	314	333	4	neutral	attested		Socrates HE 1.8; present at Nicaea; oversaw construction of Church of Holy Sepulchre
rel-pc-059	person	maximus-of-jerusalem	bishop_of	city	jerusalem-jerusalem	333	348	4	neutral	attested		Socrates HE 2.20; Sozomen HE 3.14
rel-pc-060	person	polycarp-of-smyrna	bishop_of	city	smyrna-izmir	110	155	5	neutral	attested		Irenaeus AH 3.3.4; Eusebius HE 3.36.1; Martyrdom of Polycarp
rel-pc-061	person	pothinus	bishop_of	city	lugdunum-lyon	160	177	4	neutral	attested		Eusebius HE 5.1.29; martyred in Lyon persecution 177
rel-pc-062	person	irenaeus-of-lyon	bishop_of	city	lugdunum-lyon	178	202	5	neutral	attested		Eusebius HE 5.4.1; 5.20; Against Heresies
rel-pc-063	person	cyprian-of-carthage	bishop_of	city	carthage-carthage	248	258	5	neutral	attested		Pontius of Carthage, Vita Cypriani; Cyprian's own letters
rel-pc-064	person	eusebius-of-caesarea	bishop_of	city	caesarea-maritima-caesarea	313	339	5	neutral	attested		Socrates HE 1.8; Eusebius was present at Nicaea as bishop
rel-pc-065	person	acacius-of-caesarea	bishop_of	city	caesarea-maritima-caesarea	340	366	4	neutral	attested		Jerome, Vir. Ill. 98; pupil of Eusebius
rel-pd-001	person	arius	affirms	doctrine	arianism	318	336	5	supports	attested		Athanasius, Orations against Arians; Arius's Thalia (c.318)
rel-pd-002	person	athanasius-of-alexandria	condemns	doctrine	arianism	318	373	5	opposes	attested		Athanasius, De decretis; Orations against Arians; De synodis
rel-pd-003	person	alexander-of-alexandria	condemns	doctrine	arianism	318	328	5	opposes	attested		Alexander's Encyclical Letter (preserved in Theodoret HE 1.4)
rel-pd-004	person	eusebius-of-nicomedia	affirms	doctrine	arianism	318	341	4	supports	attested		Eusebius of Nic., letter to Pamphilius defending Arius (Theodoret HE 1.5)
rel-pd-005	person	ignatius-of-antioch	affirms	doctrine	eucharistic-real-presence	107	110	5	supports	attested		Ignatius, Smyrnaeans 7.1; Ephesians 20.2
rel-pd-006	person	ignatius-of-antioch	affirms	doctrine	monarchical-episcopacy	107	110	5	supports	attested		Ignatius, Smyrnaeans 8; Magnesians 6–7; Trallians 3
rel-pd-007	person	ignatius-of-antioch	condemns	doctrine	docetism	107	110	5	opposes	attested		Ignatius, Smyrnaeans 2–4; Trallians 9–10
rel-pd-008	person	ignatius-of-antioch	affirms	doctrine	martyrdom-theology	107	110	5	supports	attested		Ignatius, Romans 4–6
rel-pd-009	person	polycarp-of-smyrna	condemns	doctrine	docetism	110	155	5	opposes	attested		Polycarp, Philippians 7.1
rel-pd-010	person	polycarp-of-smyrna	affirms	doctrine	martyrdom-theology	110	155	5	supports	attested		Martyrdom of Polycarp; Polycarp, Phil. 9
rel-pd-011	person	irenaeus-of-lyon	affirms	doctrine	recapitulation	178	202	5	supports	attested		Irenaeus, Against Heresies 3.18–22; 5.21; Demonstration 31–34
rel-pd-012	person	irenaeus-of-lyon	condemns	doctrine	marcionite-dualism	178	202	5	opposes	attested		Irenaeus, Against Heresies 1.27; 4.34
rel-pd-013	person	irenaeus-of-lyon	condemns	doctrine	gnostic-soteriology	178	202	5	opposes	attested		Irenaeus, Against Heresies 1–2 passim
rel-pd-014	person	irenaeus-of-lyon	condemns	doctrine	docetism	178	202	4	opposes	attested		Irenaeus, Against Heresies 3.18; 4.33.2
rel-pd-015	person	irenaeus-of-lyon	affirms	doctrine	millenarianism-chiliasm	178	202	4	supports	attested		Irenaeus, Against Heresies 5.32–36
rel-pd-016	person	irenaeus-of-lyon	affirms	doctrine	apostolic-succession	178	202	5	supports	attested		Irenaeus, Against Heresies 3.3
rel-pd-017	person	marcion	affirms	doctrine	marcionite-dualism	144	160	5	supports	attested		Tertullian, Adversus Marcionem; Irenaeus AH 1.27
rel-pd-018	person	valentinus	affirms	doctrine	gnostic-soteriology	136	165	5	supports	attested		Irenaeus, Against Heresies 1.1–12; Clement, Strom. 7
rel-pd-019	person	basilides	affirms	doctrine	gnostic-soteriology	125	150	4	supports	attested		Irenaeus, Against Heresies 1.24; Clement, Strom. 4.12
rel-pd-020	person	tertullian	develops	doctrine	nicene-trinitarian-theology	213	215	5	supports	attested		Tertullian, Adversus Praxeam 2 (una substantia, tres personae)
rel-pd-021	person	theophilus-of-antioch	develops	doctrine	nicene-trinitarian-theology	177	183	4	supports	attested		Theophilus, Ad Autolycum 2.15 (first use of Trias in theological sense)
rel-pd-022	person	montanus	affirms	doctrine	new-prophecy-montanism	156	170	5	supports	attested		Eusebius HE 5.16–17; Epiphanius, Panarion 48
rel-pd-023	person	maximilla	affirms	doctrine	new-prophecy-montanism	156	179	5	supports	attested		Eusebius HE 5.16–17
rel-pd-024	person	tertullian	affirms	doctrine	new-prophecy-montanism	207	220	4	supports	attested		Tertullian's Montanist works; Jerome, Vir. Ill. 53
rel-pd-025	person	papias-of-hierapolis	affirms	doctrine	millenarianism-chiliasm	100	130	5	supports	attested		Papias, Fragments (Irenaeus AH 5.33.3–4); Eusebius HE 3.39
rel-pd-026	person	justin-martyr	affirms	doctrine	millenarianism-chiliasm	150	165	4	supports	attested		Justin, Dialogue with Trypho 80–81
rel-pd-027	person	justin-martyr	develops	doctrine	logos-christology	150	165	5	supports	attested		Justin, 1 Apology 46; 2 Apology 13; Dialogue 61
rel-pd-028	person	origen	condemns	doctrine	millenarianism-chiliasm	230	250	5	opposes	attested		Origen, De Principiis 2.11; Commentary on Matthew (Ser.) 77
rel-pd-029	person	dionysius-of-alexandria	condemns	doctrine	millenarianism-chiliasm	247	264	5	opposes	attested		Dionysius, On the Promises (preserved in Eusebius HE 7.24–25)
rel-pd-030	person	origen	develops	doctrine	logos-christology	215	250	5	supports	attested		Origen, De Principiis 1.2; Commentary on John 1–2
rel-pd-031	person	origen	develops	doctrine	theotokos	230	250	4	supports	attested		Origen, Homilies on Luke 6 (first recorded theological use)
rel-pd-032	person	clement-of-rome	affirms	doctrine	apostolic-succession	95	99	4	supports	attested		1 Clement 42–44
rel-pd-033	person	clement-of-rome	affirms	doctrine	monarchical-episcopacy	95	99	4	supports	attested		1 Clement 44; 57
rel-pd-034	person	paul-of-samosata	affirms	doctrine	adoptionist-monarchianism	260	268	5	supports	attested		Council of Antioch 268 proceedings (Eusebius HE 7.27–30)
rel-pd-035	person	hippolytus	condemns	doctrine	modalism-sabellianism	199	235	5	opposes	attested		Hippolytus, Refutatio 9.12; Against Noetus
rel-pd-036	person	callixtus-i	condemns	doctrine	modalism-sabellianism	217	222	4	opposes	attested		Hippolytus, Refutatio 9.12 (Callixtus excommunicated Sabellius)
rel-pd-037	person	cyprian-of-carthage	affirms	doctrine	baptism-of-heretics	254	258	5	supports	attested		Cyprian, Epistles 69–74; On the Unity of the Church
rel-pd-038	person	stephen-i	condemns	doctrine	baptism-of-heretics	254	257	4	opposes	attested		Eusebius HE 7.2–5 (Stephen held heretical baptism valid)
rel-pd-039	person	clement-of-alexandria	develops	doctrine	logos-christology	190	215	5	supports	attested		Clement, Protrepticus 1; Paedagogus 1; Stromateis 5
rel-pd-040	person	tertullian	condemns	doctrine	docetism	200	220	4	opposes	attested		Tertullian, De carne Christi; Adversus Marcionem 3
rel-pd-041	person	origen	affirms	doctrine	rule-of-faith	215	250	4	supports	attested		Origen, De Principiis, Preface; On First Principles 1 pref.
rel-pd-042	person	hippolytus	affirms	doctrine	apostolic-succession	199	235	4	supports	attested		Hippolytus, Apostolic Tradition, prologue
rel-pd-043	person	novatian	develops	doctrine	nicene-trinitarian-theology	240	250	4	supports	attested		Novatian, De Trinitate (first comprehensive Latin trinitarian treatise)
rel-wd-004	work	nt-john	affirms	doctrine	logos-christology	90	110	5	supports	attested		John 1:1–18; 8:58; 17:5
rel-wd-005	work	nt-colossians	affirms	doctrine	logos-christology	60	90	4	supports	attested		Col 1:15–20 (cosmic hymn to Christ)
rel-wd-006	work	ignatius-smyrnaeans	affirms	doctrine	eucharistic-real-presence	107	110	5	supports	attested		Smyrnaeans 7.1
rel-wd-007	work	ignatius-smyrnaeans	condemns	doctrine	docetism	107	110	5	opposes	attested		Smyrnaeans 2–4
rel-wd-008	work	ignatius-ephesians	affirms	doctrine	eucharistic-real-presence	107	110	5	supports	attested		Ephesians 20.2 (medicine of immortality)
rel-wd-009	work	ignatius-romans	affirms	doctrine	martyrdom-theology	107	110	5	supports	attested		Romans 4–6 (wheat ground by teeth of beasts)
rel-wd-010	work	irenaeus-against-heresies	condemns	doctrine	marcionite-dualism	180	185	5	opposes	attested		AH 1.27; 4.34; book 3 preface
rel-wd-011	work	irenaeus-against-heresies	condemns	doctrine	gnostic-soteriology	180	185	5	opposes	attested		AH 1–2 passim; refutation of Valentinus and others
rel-wd-012	work	irenaeus-against-heresies	affirms	doctrine	recapitulation	180	185	5	supports	attested		AH 3.18–22; 5.21; 5, Preface
rel-wd-013	work	irenaeus-against-heresies	affirms	doctrine	millenarianism-chiliasm	180	185	4	supports	attested		AH 5.32–36
rel-wd-014	work	tertullian-adversus-praxeam	affirms	doctrine	nicene-trinitarian-theology	213	215	5	supports	attested		Adv. Prax. 2 (una substantia, tres personae; Trinitas)
rel-wd-015	work	tertullian-adversus-marcionem	condemns	doctrine	marcionite-dualism	200	213	5	opposes	attested		All five books; especially 1.1–6; 2.1–28
rel-wd-016	work	origen-de-principiis	affirms	doctrine	logos-christology	220	230	5	supports	attested		De Princ. 1.2 (eternal generation of the Son)
rel-wd-017	work	novatian-de-trinitate	affirms	doctrine	nicene-trinitarian-theology	240	250	5	supports	attested		De Trinitate 31 (most comprehensive pre-Nicene Latin Trinity)
rel-wd-018	work	justin-first-apology	affirms	doctrine	logos-christology	150	155	5	supports	attested		1 Apol. 46; 2 Apol. 13 (Logos spermatikos)
rel-wd-019	work	justin-first-apology	affirms	doctrine	eucharistic-real-presence	150	155	5	supports	attested		1 Apol. 66.2
rel-wd-020	work	justin-first-apology	affirms	doctrine	baptismal-regeneration	150	155	4	supports	attested		1 Apol. 61.2
rel-wd-021	work	hippolytus-apostolic-tradition	affirms	doctrine	baptismal-regeneration	215	220	5	supports	attested		Apost. Trad. 21 (triple immersion interrogatory form)
rel-wd-022	work	hippolytus-apostolic-tradition	affirms	doctrine	monarchical-episcopacy	215	220	4	supports	attested		Apost. Trad. 2–4 (bishop ordination rite)
rel-wd-023	work	cyprian-de-unitate	affirms	doctrine	monarchical-episcopacy	251	251	5	supports	attested		De Unitate 4–6 (he who has not the Church as mother...)
rel-pe-001	person	polycarp-of-smyrna	participated_in	event	martyrdom-of-polycarp-of-smyrna	155	155	5	neutral	attested		Martyrdom of Polycarp (eyewitness account)
rel-pe-002	person	blandina	participated_in	event	persecution-in-lyon-and-vienne-gaul	177	177	5	neutral	attested		Letter of the Churches of Lyon and Vienne (Eusebius HE 5.1)
rel-pe-003	person	pothinus	participated_in	event	persecution-in-lyon-and-vienne-gaul	177	177	5	neutral	attested		Eusebius HE 5.1.29 (died in prison during the persecution)
rel-pe-004	person	irenaeus-of-lyon	participated_in	event	persecution-in-lyon-and-vienne-gaul	177	177	3	neutral	probable		Eusebius HE 5.1 (Irenaeus was sent to Rome as messenger during the persecution)
rel-pe-005	person	constantine-i	participated_in	event	council-of-nicaea-325-ad	325	325	5	supports	attested		Eusebius, Vita Constantini 3.6–14
rel-pe-006	person	athanasius-of-alexandria	participated_in	event	council-of-nicaea-325-ad	325	325	5	supports	attested		Athanasius, De decretis; De synodis
rel-pe-007	person	alexander-of-alexandria	participated_in	event	council-of-nicaea-325-ad	325	325	5	supports	attested		Socrates HE 1.8; Sozomen HE 1.17
rel-pe-008	person	hosius-of-corduba	participated_in	event	council-of-nicaea-325-ad	325	325	5	supports	attested		Eusebius, Vita Constantini 3.7 (presided alongside emperor)
rel-pe-009	person	arius	participated_in	event	council-of-nicaea-325-ad	325	325	4	opposes	attested		Socrates HE 1.8; condemned at the council
rel-pe-010	person	eusebius-of-nicomedia	participated_in	event	council-of-nicaea-325-ad	325	325	4	neutral	attested		Socrates HE 1.8; initial refuser of Nicene Creed
rel-pe-011	person	eusebius-of-caesarea	participated_in	event	council-of-nicaea-325-ad	325	325	5	neutral	attested		Eusebius, Vita Constantini 3 (gave opening speech)
rel-pe-012	person	nicholas-of-myra	participated_in	event	council-of-nicaea-325-ad	325	325	3	neutral	claimed_tradition		Later tradition; not in earliest conciliar records
rel-pe-013	person	victor-i	participated_in	event	quartodeciman-pascha-controversy-easter-dating-and-attempted-excommunications	190	195	5	neutral	attested		Eusebius HE 5.24
rel-pe-014	person	polycrates-of-ephesus	participated_in	event	quartodeciman-pascha-controversy-easter-dating-and-attempted-excommunications	190	195	5	neutral	attested		Eusebius HE 5.24 (Polycrates' letter to Victor)
rel-pe-015	person	cyprian-of-carthage	participated_in	event	council-of-carthage-253	253	253	5	supports	attested		Cyprian, Epistle 64
rel-pe-016	person	perpetua	participated_in	event	perpetua-felicitas-martyrdom	203	203	5	neutral	attested		Passio SS. Perpetuae et Felicitatis 3–10 (her own diary)
rel-pe-017	person	felicitas	participated_in	event	perpetua-felicitas-martyrdom	203	203	5	neutral	attested		Passio SS. Perpetuae et Felicitatis 15–21
rel-pe-018	person	cyprian-of-carthage	participated_in	event	decian-persecution	249	251	5	neutral	attested		Cyprian, De Lapsis; Epistles 5–43 (written during his hiding)
rel-pe-019	person	fabian	participated_in	event	decian-persecution	250	250	5	neutral	attested		Eusebius HE 6.39 (martyred January 250 under Decius)
rel-pe-020	person	origen	participated_in	event	decian-persecution	250	251	4	neutral	attested		Eusebius HE 6.39 (tortured under Decius; died from effects c.254)
rel-pe-021	person	sixtus-ii	participated_in	event	valerian-persecution	258	258	5	neutral	attested		Eusebius HE 7.27 (martyred 6 August 258)
rel-pe-022	person	cyprian-of-carthage	participated_in	event	valerian-persecution	258	258	5	neutral	attested		Pontius, Vita Cypriani; martyred 14 September 258
rel-pe-023	person	constantine-i	participated_in	event	battle-of-milvian-bridge-312	312	312	5	neutral	attested		Eusebius, Vita Constantini 1.28–32; Lactantius, De mort. pers. 44
rel-pe-024	person	peter-of-alexandria	participated_in	event	great-persecution-303	303	311	5	neutral	attested		Eusebius HE 8.13; martyred 26 November 311
rel-pe-025	person	anthimus-of-nicomedia	participated_in	event	great-persecution-303	303	303	5	neutral	attested		Eusebius HE 8.6; martyred at start of persecution
rel-pers-001	person	marcion	affiliated_with	persuasion	marcionite	144	160	5	supports	attested		Tertullian, Adversus Marcionem; Irenaeus AH 1.27
rel-pers-002	person	valentinus	affiliated_with	persuasion	valentinian	136	165	5	supports	attested		Irenaeus, Against Heresies 1.1–12; Clement, Stromateis 7
rel-pers-003	person	basilides	affiliated_with	persuasion	basilidean	120	150	5	supports	attested		Irenaeus, Against Heresies 1.24; Eusebius HE 4.7
rel-pers-004	person	montanus	affiliated_with	persuasion	montanist	156	179	5	supports	attested		Eusebius HE 5.16–17; Epiphanius, Panarion 48–49
rel-pers-005	person	tertullian	affiliated_with	persuasion	montanist	207	220	4	supports	attested		Jerome, Vir. Ill. 53; Tertullian's later works
rel-pers-006	person	novatian	affiliated_with	persuasion	novatianist	251	258	5	supports	attested		Eusebius HE 6.43; Cyprian, Ep. 49–52
rel-pers-007	person	arius	affiliated_with	persuasion	arian	318	336	5	supports	attested		Athanasius, Orations against Arians; Theodoret HE 1.5
rel-pers-008	person	athanasius-of-alexandria	affiliated_with	persuasion	nicene	325	373	5	supports	attested		Athanasius, De decretis; De synodis; Socrates HE
rel-pers-009	person	paul-of-samosata	affiliated_with	persuasion	paulianist	260	268	5	supports	attested		Eusebius HE 7.27–30; Council of Antioch 268
rel-pers-010	person	donatus-of-casae-nigrae	affiliated_with	persuasion	donatist	311	355	5	supports	attested		Augustine, Contra Donatistas; Optatus, De schismate Donatistarum
rel-pc-066	person	eusebius-of-nicomedia	bishop_of	city	nicomedia-izmit	317	339	5	neutral	attested		Theodoret HE 1.5; Socrates HE 1.8 (bishop at Nicomedia during Nicaean controversy)
rel-pc-067	person	eusebius-of-nicomedia	bishop_of	city	byzantium-istanbul	339	342	4	neutral	attested		Socrates HE 2.12; translated to Constantinople (then Byzantium/Constantinople); baptized Constantine I on deathbed
rel-pc-068	person	lactantius	teacher_of	city	nicomedia-izmit	300	305	3	neutral	attested		Jerome, Vir. Ill. 80 (taught rhetoric in Nicomedia at Diocletian's invitation)
rel-pd-044	person	noetus-of-smyrna	affirms	doctrine	patripassianism	200	210	5	supports	attested		Hippolytus, Against Noetus 1; Refutatio 9.10
rel-pd-045	person	praxeas	affirms	doctrine	patripassianism	190	210	5	supports	attested		Tertullian, Adversus Praxeam 1–2
rel-pd-046	person	sabellius	affirms	doctrine	modalism-sabellianism	215	220	5	supports	attested		Hippolytus, Refutatio 9.12; Callixtus I decree
rel-pd-047	person	cerinthus	affirms	doctrine	gnostic-soteriology	90	100	4	supports	attested		Irenaeus, Against Heresies 1.26.1; Eusebius HE 3.28.1
rel-pd-048	person	cerinthus	affirms	doctrine	adoptionist-monarchianism	90	100	4	supports	attested		Irenaeus AH 1.26.1 (Christ descended on Jesus at baptism, departed before death)
rel-pd-049	person	mani	affirms	doctrine	manichaean-dualism	240	274	5	supports	attested		Cologne Mani Codex; Kephalaia; primary Manichaean texts
rel-pd-050	person	lactantius	affirms	doctrine	millenarianism-chiliasm	304	315	4	supports	attested		Lactantius, Divine Institutes 7.14–26 (detailed millenarian eschatology)
rel-pd-051	person	lactantius	affirms	doctrine	creatio-ex-nihilo	304	315	4	supports	attested		Lactantius, Divine Institutes 2.9
rel-pd-052	person	methodius-of-olympus	condemns	doctrine	apocatastasis	290	311	5	opposes	attested		Methodius, On the Resurrection (entire work refutes Origen's spiritual resurrection and universal restoration)
rel-pd-053	person	methodius-of-olympus	affirms	doctrine	millenarianism-chiliasm	290	311	4	supports	attested		Methodius, Symposium 9; On the Resurrection 1.55
rel-pd-054	person	victorinus-of-poetovio	affirms	doctrine	millenarianism-chiliasm	270	303	5	supports	attested		Victorinus, Commentary on the Apocalypse (original millenarian text, recovered 1916)
rel-pd-055	person	hippolytus	condemns	doctrine	patripassianism	200	235	5	opposes	attested		Hippolytus, Against Noetus; Refutatio 9.10–12
rel-pd-056	person	tertullian	condemns	doctrine	patripassianism	213	215	5	opposes	attested		Tertullian, Adversus Praxeam (entire work)
rel-pd-057	person	origen	condemns	doctrine	manichaean-dualism	240	254	3	opposes	probable		Origen, De Principiis 2.9 (against eternal co-principle of evil); Origen died before Mani's peak activity
rel-pd-058	person	origen	develops	doctrine	apocatastasis	220	254	5	supports	attested		Origen, De Principiis 1.6.1; 3.6.6; Commentary on John 1.16
rel-pd-059	person	dionysius-of-alexandria	condemns	doctrine	modalism-sabellianism	260	264	5	opposes	attested		Dionysius's letter to Dionysius of Rome (Athanasius, De Sent. Dionys. 13)
rel-pd-060	person	theophilus-of-antioch	develops	doctrine	creatio-ex-nihilo	177	183	5	supports	attested		Theophilus, Ad Autolycum 2.4 (first explicit use of ex nihilo phrase in Christian theology)
rel-pd-061	person	irenaeus-of-lyon	affirms	doctrine	creatio-ex-nihilo	178	202	5	supports	attested		Irenaeus, Against Heresies 2.10.2; 4.20.1
rel-pd-062	person	tertullian	affirms	doctrine	creatio-ex-nihilo	200	215	5	supports	attested		Tertullian, Adversus Hermogenem 14
rel-pd-063	person	cyprian-of-carthage	affirms	doctrine	penitential-system	251	258	5	supports	attested		Cyprian, De Lapsis; Epistles 55–57 (graduated penance for the lapsed)
rel-pd-064	person	novatian	condemns	doctrine	penitential-system	251	258	5	opposes	attested		Novatian's rigorist position: no readmission for apostates (Eusebius HE 6.43)
rel-pd-065	person	tertullian	develops	doctrine	penitential-system	198	200	4	supports	attested		Tertullian, De Paenitentia (earliest systematic Latin treatment of penance)
rel-pp-101	person	noetus-of-smyrna	teacher_of	person	praxeas	200	210	4	supports	probable		Tertullian, Adv. Prax. 1 (Praxeas brought the same teaching from Asia to Rome/Carthage)
rel-pp-102	person	hippolytus	opposed	person	noetus-of-smyrna	200	210	5	opposes	attested		Hippolytus, Against Noetus; lectures delivered at Rome against Noetian theology
rel-pp-103	person	hippolytus	opposed	person	sabellius	215	220	5	opposes	attested		Hippolytus, Refutatio 9.12; knew Sabellius personally in Rome
rel-pp-104	person	tertullian	opposed	person	praxeas	213	215	5	opposes	attested		Tertullian, Adversus Praxeam 1 (entire work against Praxeas's teaching)
rel-pp-105	person	callixtus-i	opposed	person	sabellius	220	222	5	opposes	attested		Hippolytus, Refutatio 9.12 (Callixtus excommunicated Sabellius c.220)
rel-pp-106	person	callixtus-i	opposed	person	hippolytus	217	222	5	opposes	attested		Hippolytus, Refutatio 9.12 (Hippolytus formed schism against Callixtus)
rel-pp-107	person	irenaeus-of-lyon	opposed	person	cerinthus	178	202	4	opposes	attested		Irenaeus, Against Heresies 1.26.1; 3.3.4 (Irenaeus relays Polycarp's bathhouse story as witness to cerinthus being dangerous)
rel-pp-108	person	john-the-apostle	opposed	person	cerinthus	90	100	4	opposes	attested		Irenaeus, AH 3.3.4 (via Polycarp); Eusebius HE 3.28.1–2
rel-pp-109	person	methodius-of-olympus	opposed	person	origen	285	311	5	opposes	attested		Methodius, On the Resurrection (direct refutation of Origen's pneumatic resurrection)
rel-pp-110	person	dionysius-of-alexandria	corresponded_with	person	dionysius-of-rome	260	268	5	neutral	attested		Eusebius HE 7.6–9; exchange on Sabellianism and Trinitarian language
rel-pp-111	person	lactantius	teacher_of	person	constantine-i	317	320	4	supports	attested		Jerome, Vir. Ill. 80 (Lactantius appointed tutor to Constantine's son Crispus in Gaul c.317)
rel-pp-112	person	pamphilus-of-caesarea	co-worker	person	eusebius-of-caesarea	295	309	5	supports	attested		Eusebius, Ecclesiastical History (dedication to Pamphilus); Eusebius took his mentor's name
rel-pp-113	person	eusebius-of-nicomedia	co-worker	person	arius	318	336	5	supports	attested		Theodoret HE 1.5; Philostorgius HE 2.14 (both students of Lucian; Eusebius championed Arius)
rel-pp-114	person	lucian-of-antioch	teacher_of	person	eusebius-of-nicomedia	290	311	4	supports	probable		Theodoret HE 1.5; Philostorgius HE 2.14 (both Arius and Eusebius studied at Lucian's school)
rel-pp-115	person	paul-of-samosata	opposed	person	dionysius-of-alexandria	260	268	4	opposes	attested		Eusebius HE 7.27–30; Dionysius was invited to the councils against Paul
rel-pp-116	person	methodius-of-olympus	co-worker	person	victorinus-of-poetovio	270	303	2	supports	unknown		Both anti-Origen millenarian bishops in the East and Danubian region in the same period; no direct evidence of contact
rel-pp-117	person	callixtus-i	ordained	person	sabellius	215	217	3	supports	probable		Hippolytus, Refutatio 9.12 (implies Sabellius was a presbyter under Zephyrinus/Callixtus before excommunication)
rel-pp-118	person	basilides	teacher_of	person	valentinus	125	140	2	supports	probable		Both Basilides and Valentinus taught in Alexandria in the same generation; indirect influence is probable (Clement, Stromateis)
rel-pp-119	person	mani	opposed	person	constantine-i	280	337	3	opposes	probable		Diocletian's anti-Manichaean rescript c.302 represents official Roman imperial policy; Manichaeism remained illegal under Constantine
rel-wd-024	work	hippolytus-against-noetus	condemns	doctrine	patripassianism	200	210	5	opposes	attested		Against Noetus 7–8 (entire work refutes Noetus's Patripassianism)
rel-wd-025	work	tertullian-adversus-praxeam	condemns	doctrine	patripassianism	213	215	5	opposes	attested		Adv. Prax. 1–2; 4–5 (entire work refutes Praxeas's Patripassianism)
rel-wd-026	work	lactantius-divinae-institutiones	affirms	doctrine	creatio-ex-nihilo	304	313	4	supports	attested		Divine Institutes 2.9
rel-wd-027	work	lactantius-divinae-institutiones	affirms	doctrine	millenarianism-chiliasm	304	313	4	supports	attested		Divine Institutes 7.14–26 (most elaborate Latin millenarian eschatology)
rel-wd-028	work	methodius-symposium	affirms	doctrine	millenarianism-chiliasm	290	300	4	supports	attested		Symposium 9.1 (bodily resurrection tied to millenarian hope)
rel-wd-029	work	victorinus-commentary-revelation	affirms	doctrine	millenarianism-chiliasm	270	303	5	supports	attested		Commentary on Revelation (original text); literal thousand-year reign
rel-wd-030	work	acts-of-paul-and-thecla	affirms	doctrine	baptismal-regeneration	160	190	3	supports	probable		Thecla self-baptism scene; used to justify women baptizing (Tertullian, De Bapt. 17)
rel-wd-031	work	origen-de-principiis	affirms	doctrine	apocatastasis	220	230	5	supports	attested		De Principiis 1.6.1; 3.6.6
rel-wd-032	work	origen-de-principiis	condemns	doctrine	millenarianism-chiliasm	220	230	5	opposes	attested		De Principiis 2.11 (allegorical interpretation of Revelation eliminates literal millennium)
rel-wd-033	work	lactantius-de-mortibus-persecutorum	affirms	doctrine	martyrdom-theology	313	315	4	supports	attested		De Mort. Pers. 1–3 (God's vengeance on persecutors as vindication of martyrs)
rel-pe-026	person	lactantius	participated_in	event	great-persecution-303	303	313	4	neutral	attested		Lactantius, De Mortibus Persecutorum; he was in Nicomedia when persecution began
rel-pe-027	person	eusebius-of-caesarea	participated_in	event	great-persecution-303	303	311	4	neutral	attested		Eusebius HE 8 (witnessed events; his friend Pamphilus martyred); survived himself
rel-pe-028	person	methodius-of-olympus	participated_in	event	great-persecution-303	303	311	5	neutral	attested		Jerome, Vir. Ill. 83; martyred c.311 at end of Diocletianic persecution
rel-pe-029	person	victorinus-of-poetovio	participated_in	event	great-persecution-303	303	304	5	neutral	attested		Victorinus martyred c.303/304 in the Great Persecution (Jerome, Vir. Ill. 74)
rel-pe-030	person	eusebius-of-nicomedia	participated_in	event	council-of-nicaea-325-ad	325	325	5	neutral	attested		Socrates HE 1.8; one of two bishops who initially refused to sign the Nicene Creed
rel-pe-031	person	lactantius	participated_in	event	battle-of-milvian-bridge-312	312	312	3	neutral	probable		Lactantius, De Mort. Pers. 44 (wrote the earliest account of Constantine's vision and the battle)
rel-pers-011	person	lactantius	affiliated_with	persuasion	catholic	304	325	4	supports	attested		Jerome, Vir. Ill. 80; Eusebius Vita Constantini 1.12
rel-pers-012	person	methodius-of-olympus	affiliated_with	persuasion	catholic	285	311	4	supports	attested		Jerome, Vir. Ill. 83; his anti-Origen stance aligns with proto-orthodox position
rel-pers-013	person	cerinthus	affiliated_with	persuasion	gnostic	90	100	5	supports	attested		Irenaeus, Against Heresies 1.26.1; Eusebius HE 3.28.1 (Cerinthus taught a gnostic-style demiurge cosmology)
rel-pers-014	person	noetus-of-smyrna	affiliated_with	persuasion	modalist	200	210	5	supports	attested		Hippolytus, Against Noetus 1; Refutatio 9.10
rel-pers-015	person	praxeas	affiliated_with	persuasion	modalist	190	210	5	supports	attested		Tertullian, Adversus Praxeam 1
rel-pers-016	person	sabellius	affiliated_with	persuasion	modalist	215	220	5	supports	attested		Hippolytus, Refutatio 9.12
rel-pers-017	person	mani	affiliated_with	persuasion	manichaean	240	274	5	supports	attested		Primary Manichaean texts; Cologne Mani Codex
rel-pe-032	person	novatian	participated_in	event	novatian-schism-251	251	258	5	neutral	attested		Eusebius HE 6.43; Cyprian, Epistles 49–52 (Novatian was the schismatic bishop)
rel-pe-033	person	cornelius	participated_in	event	novatian-schism-251	251	253	5	neutral	attested		Eusebius HE 6.43 (Cornelius was the legitimate bishop opposing Novatian)
rel-pe-034	person	cyprian-of-carthage	participated_in	event	novatian-schism-251	251	258	5	neutral	attested		Cyprian, Epistles 49–52; De Lapsis (Cyprian condemned Novatian and convened African councils)
rel-pe-035	person	paul-of-samosata	participated_in	event	council-of-antioch-268	260	268	5	neutral	attested		Eusebius HE 7.27–30 (Paul was the bishop under examination and deposition)
rel-pe-036	person	dionysius-of-alexandria	participated_in	event	council-of-antioch-268	264	268	4	neutral	attested		Eusebius HE 7.27 (Dionysius of Alexandria was summoned but could not attend due to illness; wrote letters to the council)
rel-pe-037	person	mani	participated_in	event	death-of-mani-274	274	274	5	neutral	attested		Cologne Mani Codex; Kephalaia; al-Biruni (Mani was the central figure of his own death)
rel-pe-038	person	mani	participated_in	event	manichaeism-spreads-roman-empire	240	274	5	neutral	attested		Mani himself sent missionaries westward during his lifetime; Cologne Mani Codex
rel-pe-039	person	novatian	participated_in	event	decian-persecution	249	251	4	neutral	attested		Eusebius HE 6.43 (Novatian wrote the Roman church's letters during the vacancy after Fabian's martyrdom)
rel-pe-040	person	cornelius	participated_in	event	decian-persecution	249	251	4	neutral	attested		Eusebius HE 6.39–43 (Cornelius was present in Rome during the persecution; elected bishop after it ended)
rel-pe-041	person	donatus-of-casae-nigrae	participated_in	event	synod-rome-donatism-313	313	313	5	neutral	attested		Augustine, Contra Donatistas; Optatus, De schism. Don. (Donatus appealed to the Synod of Rome)
rel-pe-042	person	caecilian	participated_in	event	synod-rome-donatism-313	313	313	5	neutral	attested		Eusebius, Vita Constantini; Optatus (Caecilian was vindicated by the synod)
rel-wd-034	work	clement-alexandria-stromateis	affirms	doctrine	logos-christology	195	215	4	supports	attested		Stromateis 1.5 (the Logos as divine pedagogue of humanity through all wisdom)
rel-wd-035	work	clement-alexandria-stromateis	affirms	doctrine	gnostic-soteriology	195	215	3	opposes	attested		Stromateis 2.3–4 (Clement redefines true gnosis against heterodox Gnostics)
rel-wd-036	work	papias-fragments	affirms	doctrine	millenarianism-chiliasm	110	130	5	supports	attested		Fragment 4 in Irenaeus AH 5.33.3 (the famous millenarian abundance prophecy)
rel-wd-037	work	tertullian-de-carne-christi	condemns	doctrine	docetism	203	207	5	opposes	attested		De Carne Christi 5–6 (entire work refutes Docetic denials of the flesh of Christ)
rel-wd-038	work	tertullian-adversus-hermogenem	affirms	doctrine	creatio-ex-nihilo	200	210	5	supports	attested		Adversus Hermogenem 14 (primary Latin statement of creatio ex nihilo)
rel-wd-039	work	tertullian-de-anima	affirms	doctrine	baptismal-regeneration	210	213	3	supports	attested		De Anima 41 (discusses the soul's renewal through baptism)
rel-wd-040	work	cyprian-epistles	affirms	doctrine	penitential-system	249	258	5	supports	attested		Epistles 55–57 (graduated penance for the lapsed; standard penitential theology)
rel-wd-041	work	cyprian-epistles	affirms	doctrine	baptism-of-heretics	255	258	5	supports	attested		Epistles 69–75 (the rebaptism controversy; Cyprian vs. Stephen I of Rome)
rel-wd-042	work	origen-hexapla	affirms	doctrine	rule-of-faith	230	245	4	supports	attested		The Hexapla establishes the text of Scripture used in exegesis; its textual-critical marks reflect Origen's concern for the authentic scriptural text as the basis of doctrine
rel-pp-120	person	cornelius	ordained	person	novatian	241	251	3	neutral	attested		Eusebius HE 6.43 (Novatian was ordained as a presbyter in Rome; probably by Fabian or his predecessor)
rel-pp-121	person	cyprian-of-carthage	corresponded_with	person	cornelius	251	253	5	supports	attested		Cyprian, Epistles 44–46; 49–52 (extensive correspondence supporting Cornelius against Novatian)
rel-pp-122	person	paul-of-samosata	affirms	doctrine	adoptionist-monarchianism	260	268	5	supports	attested		Eusebius HE 7.27–30; Council of Antioch 268 (Paul's adoptionist teaching is the primary case)
rel-pp-123	person	origen	teacher_of	person	pamphilus-of-caesarea	230	254	3	supports	probable		Pamphilus was deeply devoted to Origen's writings and organized the Caesarean library of Origen's works; probable indirect student through writings
rel-pp-124	person	thecla	co-worker	person	paul	45	65	3	supports	probable		Acts of Paul and Thecla (c.160–190); narrative tradition of Thecla as Paul's female companion and missionary
rel-pe-043	person	dionysius-of-alexandria	participated_in	event	decian-persecution	249	251	5	neutral	attested		Eusebius HE 6.40–42 (Dionysius was arrested but escaped; letters to his flock during persecution)
rel-pe-044	person	dionysius-of-alexandria	participated_in	event	valerian-persecution	257	260	5	neutral	attested		Eusebius HE 7.11 (Dionysius exiled to Kephro in Libya under Valerian; account of his trial preserved)
rel-pe-045	person	origen	participated_in	event	decian-persecution	249	251	5	neutral	attested		Eusebius HE 6.39 (Origen imprisoned and severely tortured under Decius; died of consequences c.254)
rel-pe-046	person	tertullian	participated_in	event	perpetua-felicitas-martyrdom	203	203	3	neutral	probable		Some scholars attribute the final editorial layer of the Passio Perpetuae to Tertullian; Tertullian's Montanist connections align with the Passio's prophetic visions
rel-pe-047	person	lucian-of-antioch	participated_in	event	great-persecution-303	303	312	5	neutral	attested		Lucian of Antioch was martyred at Nicomedia on 7 January 312 during the Great Persecution (Eusebius HE 9.6)
rel-pe-048	person	peter-of-alexandria	participated_in	event	great-persecution-303	303	311	5	neutral	attested		Peter of Alexandria martyred 26 November 311 under Maximinus Daia (Eusebius HE 9.6)
rel-pe-049	person	alexander-of-alexandria	participated_in	event	arian-controversy-begins	318	325	5	neutral	attested		Eusebius HE 10; Alexander convened the local synod that first condemned Arius
rel-pe-050	person	athanasius-of-alexandria	participated_in	event	council-of-nicaea-325-ad	325	325	5	neutral	attested		Socrates HE 1.8 (Athanasius attended as Alexander's deacon; became the strongest defender of homoousios)
rel-pe-051	person	hosius-of-corduba	participated_in	event	council-of-nicaea-325-ad	325	325	5	neutral	attested		Eusebius, Vita Constantini 3.7; Hosius presided at Nicaea as Constantine's theological advisor
rel-pe-053	person	arius	participated_in	event	council-of-nicaea-325-ad	325	325	5	neutral	attested		Socrates HE 1.8 (Arius was the theologian whose teaching was condemned; he attended as a presbyter)
rel-pe-054	person	sixtus-ii	participated_in	event	valerian-persecution	257	258	5	neutral	attested		Cyprian, Ep. 80; Eusebius HE 7.27 (Sixtus II martyred 6 August 258 in Rome with four deacons)
rel-pe-055	person	cyprian-of-carthage	participated_in	event	novatian-schism-251	251	258	5	neutral	attested		Cyprian, Epistles 44–52; convened African councils condemning Novatian and supporting Cornelius of Rome
rel-pe-056	person	gregory-thaumaturgus	participated_in	event	decian-persecution	249	251	4	neutral	attested		Gregory Thaumaturgus, Canonical Letter (written after the Decian persecution to address lapsed and captured Christians in Pontus)
rel-pe-057	person	constantine-i	participated_in	event	synod-rome-donatism-313	313	313	5	neutral	attested		Constantine referred the Donatist dispute to Miltiades and convened the Synod; Eusebius, Vita Constantini 1.44–45
rel-pe-058	person	constantine-i	participated_in	event	council-of-arles-314	314	314	5	neutral	attested		Constantine convened the Council of Arles; attended in person (Eusebius, Vita Constantini 2.5)
rel-pe-059	person	constantine-i	participated_in	event	council-of-nicaea-325-ad	325	325	5	neutral	attested		Constantine presided at Nicaea, delivered opening address, influenced the adoption of homoousios
rel-pe-060	person	donatus-of-casae-nigrae	participated_in	event	council-of-arles-314	314	314	5	neutral	attested		Council of Arles ruled against Donatus; he was condemned again (Augustine, Contra Donat.)
rel-wd-043	work	irenaeus-against-heresies	affirms	doctrine	apostolic-succession	178	202	5	supports	attested		Against Heresies 3.3.1–4 (the Roman succession list; apostolic tradition as criterion of orthodoxy)
rel-wd-044	work	irenaeus-against-heresies	affirms	doctrine	canon-formation	178	202	5	supports	attested		Against Heresies 3.11.8 (the four Gospels as fourfold canon; against Marcion's single Gospel)
rel-wd-045	work	tertullian-adversus-marcionem	affirms	doctrine	canon-formation	200	213	5	supports	attested		Adversus Marcionem 4–5 (refutes Marcion's mutilated canon; defends Old Testament and four Gospels)
rel-wd-046	work	tertullian-adversus-marcionem	condemns	doctrine	marcionite-dualism	200	213	5	opposes	attested		Adversus Marcionem 1–3 (entire first three books refute Marcion's two-god dualism)
rel-wd-047	work	origen-contra-celsum	affirms	doctrine	logos-christology	246	248	5	supports	attested		Contra Celsum 2.31; 6.47 (Logos as divine mediator and rational principle of the universe)
rel-wd-048	work	origen-contra-celsum	condemns	doctrine	docetism	246	248	4	opposes	attested		Contra Celsum 2.16 (defends the reality of Christ's physical body against Celsus's mockery)
rel-wd-049	work	clement-alexandria-stromateis	affirms	doctrine	rule-of-faith	195	215	4	supports	attested		Stromateis 7.15 (the rule of faith as the criterion distinguishing true gnosis from heretical gnosis)
rel-wd-050	work	eusebius-ecclesiastical-history	affirms	doctrine	apostolic-succession	310	325	5	supports	attested		HE 1.1; 3.2–4 (the apostolic succession lists are the organizational backbone of the entire work)
rel-wd-051	work	eusebius-ecclesiastical-history	affirms	doctrine	canon-formation	310	325	5	supports	attested		HE 3.25 (Eusebius's famous four-category classification of canonical, disputed, spurious, and heretical texts)
rel-pd-066	person	eusebius-of-caesarea	affirms	doctrine	canon-formation	310	340	5	supports	attested		Eusebius HE 3.25 (the earliest systematic canon classification by category)
rel-pd-067	person	athanasius-of-alexandria	affirms	doctrine	nicene-trinitarian-theology	325	373	5	supports	attested		Athanasius, De Incarnatione; Orations Against the Arians; Epistula Festalis 39 (367)
rel-pd-068	person	athanasius-of-alexandria	affirms	doctrine	canon-formation	367	373	5	supports	attested		Athanasius, Festal Letter 39 (367 AD) — the earliest extant list of exactly the 27 books of the NT canon
rel-pd-069	person	irenaeus-of-lyon	affirms	doctrine	canon-formation	178	202	5	supports	attested		Against Heresies 3.11.8 (fourfold Gospel canon) and his extensive use of Paul and Acts as Scripture
rel-pd-070	person	origen	affirms	doctrine	canon-formation	220	254	4	supports	attested		Origen's homilies and commentaries cite Scripture with explicit discussion of disputed books; HE 6.25 (Eusebius quotes Origen's canon discussion)
rel-pd-071	person	dionysius-of-alexandria	affirms	doctrine	canon-formation	260	264	4	supports	attested		Dionysius's treatise On the Promises (Eusebius HE 7.25): literary analysis arguing the Book of Revelation was not written by the same John as the Gospel; earliest critical canon argument
rel-pd-072	person	hegesippus	affirms	doctrine	apostolic-succession	165	180	5	supports	attested		Hegesippus, Memoirs (Eusebius HE 4.22): compiled the earliest known Roman bishop succession list to demonstrate continuity of apostolic teaching
rel-wd-052	work	hegesippus-memoirs	affirms	doctrine	apostolic-succession	165	180	5	supports	attested		Memoirs (Eusebius HE 4.22): traced episcopal succession at Rome, Corinth, and Jerusalem to prove apostolic continuity against Gnostic claims
rel-wd-053	work	arius-thalia	affirms	doctrine	arianism	318	320	5	supports	attested		Thalia (Athanasius, Or. c. Ar. 1.5–6; De Synodis 15): Arius's own verse summary of his subordinationist theology
rel-wd-054	work	origen-homilies-luke	develops	doctrine	theotokos	233	240	4	supports	attested		Homilies on Luke, fragment 26.1 (earliest attested use of Theotokos for Mary)
rel-wd-055	work	julius-africanus-chronographiae	affirms	doctrine	canon-formation	212	221	3	supports	attested		Chronographiae synchronized biblical and secular history; the Letter to Aristides harmonized Gospel genealogies (earliest such attempt)
rel-pp-125	person	hegesippus	co-worker	person	anicetus	155	166	3	supports	attested		Eusebius HE 4.22 (Hegesippus visited Rome under Anicetus and stayed until Eleutherius)
rel-pp-126	person	julius-africanus	co-worker	person	origen	215	240	3	supports	attested		Julius Africanus, Letter to Origen on the Story of Susanna (Eusebius HE 6.31)
rel-wd-056	work	shepherd-of-hermas	affirms	doctrine	penitential-system	140	155	4	supports	attested		Mandate 4.3 (the single post-baptismal repentance teaching; foundational for penitential theology)
rel-wd-057	work	hippolytus-refutatio	condemns	doctrine	adoptionist-monarchianism	222	235	5	opposes	attested		Refutatio 7.23–24 (Hippolytus refutes Theodotus the Cobbler and the Artemonite school of adoptionism)
rel-wd-058	work	tertullian-adversus-praxeam	condemns	doctrine	patripassianism	213	220	5	opposes	attested		Adversus Praxeam (entire work written against Patripassianism; introduces tri-personal Trinitarian vocabulary)
rel-wd-059	work	origen-contra-celsum	condemns	doctrine	manichaean-dualism	246	248	3	opposes	probable		Contra Celsum 8.53 (Origen refutes dualist positions; later directly applicable to Manichaeism which emerged after Origen's death)
rel-wd-060	work	origen-contra-celsum	affirms	doctrine	veneration-of-saints	246	248	4	supports	attested		Contra Celsum 8.66 (earliest extended apologetic defense of Christian veneration of martyrs' graves)
rel-pd-073	person	praxeas	affirms	doctrine	patripassianism	190	210	5	supports	attested		Praxeas taught at Rome and Carthage that the Father himself suffered — classic Patripassianism (Tertullian, Adversus Praxeam 1–3)
rel-pd-074	person	novatian	condemns	doctrine	patripassianism	250	258	5	opposes	attested		Novatian, De Trinitate 26–27: extended refutation of Patripassianism/Modalism; distinguishes Father and Son clearly
rel-pd-075	person	mani	affirms	doctrine	manichaean-dualism	240	274	5	supports	attested		Mani's own teaching: two eternal, co-equal principles (Light and Darkness); attested in Kephalaia and Acta Archelai
rel-pd-076	person	theodotus-cobbler	affirms	doctrine	adoptionist-monarchianism	185	200	5	supports	attested		Hippolytus, Refutatio 7.23: Theodotus taught that Jesus was a mere man adopted as Son of God at his baptism
rel-pd-077	person	artemon	affirms	doctrine	adoptionist-monarchianism	270	280	4	supports	attested		Eusebius HE 5.28 (the Artemonite school continued adoptionist Monarchianism at Rome after Paul of Samosata)
rel-pd-078	person	tertullian	condemns	doctrine	patripassianism	200	220	5	opposes	attested		Adversus Praxeam (Tertullian's magnum opus on the Trinity; entire work refutes Patripassianism)
rel-pd-079	person	methodius-of-olympus	condemns	doctrine	apocatastasis	290	311	5	opposes	attested		Methodius, On Free Will; De Resurrectione: opposes Origen's universalism and apocatastasis explicitly
rel-pd-080	person	origen	affirms	doctrine	apocatastasis	230	254	5	supports	attested		De Principiis 1.6.3; 3.6.6 (the eventual universal restoration of all rational beings to God)
rel-pd-081	person	damasus-i	affirms	doctrine	veneration-of-saints	366	384	5	supports	attested		Damasus's epigrams on Roman catacombs systematized the cult of martyrs; his Ferrua-collected inscriptions are primary evidence
rel-pd-082	person	augustine-of-hippo	condemns	doctrine	manichaean-dualism	388	430	5	opposes	attested		Augustine's Contra Faustum (397), De Natura Boni (399), Contra Fortunatum (392): comprehensive refutation from a former Manichaean
rel-pd-083	person	cyprian-of-carthage	affirms	doctrine	penitential-system	248	258	5	supports	attested		De Lapsis (251) and the collected Epistles: the foundational African theology of post-baptismal penance and reconciliation of the lapsed
rel-pd-084	person	hippolytus	affirms	doctrine	veneration-of-saints	215	235	4	supports	attested		Hippolytus, Apostolic Tradition 34–38: the memento of martyrs at Eucharist; instructions for commemorating the dead
rel-pp-127	person	theodotus-cobbler	active_in	city	rome-rome	185	200	4		attested		Hippolytus, Refutatio 7.23: Theodotus came to Rome from Byzantium and taught there; excommunicated by Victor I
rel-pp-128	person	praxeas	active_in	city	rome-rome	190	210	4		attested		Tertullian, Adversus Praxeam 1: Praxeas came to Rome from Asia Minor and persuaded the Bishop of Rome to withdraw recognition of Montanism
rel-pp-129	person	praxeas	active_in	city	carthage-carthage	200	215	4		attested		Tertullian, Adversus Praxeam 1: Praxeas later came to Carthage; Tertullian wrote Adversus Praxeam there
rel-pp-130	person	mani	active_in	city	seleucia-ctesiphon-al-madain	240	274	5		attested		Mani spent his life in Mesopotamia; his headquarters were at Ctesiphon-Seleucia; he died in prison there in 274 CE
rel-pp-131	person	augustine-of-hippo	active_in	city	hippo-regius-annaba	391	430	5		attested		Augustine was bishop of Hippo Regius (modern Annaba, Algeria) from 391 until his death in 430
rel-pp-132	person	augustine-of-hippo	active_in	city	carthage-carthage	370	391	4		attested		Augustine studied and taught rhetoric at Carthage (370–383); returned there before accepting the bishopric of Hippo
rel-pp-133	person	ambrose	bishop_of	city	mediolanum-milan	374	397	5		attested		Ambrose was bishop of Milan (Mediolanum) from 374 until his death in 397; key see of the Western empire
rel-pp-134	person	augustine-of-hippo	active_in	city	mediolanum-milan	384	387	4		attested		Augustine was professor of rhetoric at Milan 384–387; baptized by Ambrose at Easter 387 (Confessions 5.13; 9.6)
rel-pp-135	person	ambrose	teacher_of	person	augustine-of-hippo	384	387	5	supports	attested		Augustine, Confessions 5.13–14; 9.5: Ambrose's preaching resolved Augustine's biblical difficulties; Augustine received baptism from Ambrose
rel-pp-136	person	methodius-of-olympus	bishop_of	city	hierapolis-pamukkale	280	311	4		attested		Methodius was bishop of Olympus in Lycia; later perhaps of Patara; martyred c.311 during the Great Persecution
rel-pp-137	person	lactantius	active_in	city	nicomedia-izmit	298	305	4		attested		Lactantius was imperial rhetoric teacher at Nicomedia c.298–305; witnessed the Great Persecution edicts there
rel-pp-138	person	lactantius	active_in	city	augusta-treverorum-trier	306	317	3		attested		Lactantius served as tutor to Constantine's son Crispus at Trier (Augusta Treverorum) from c.306
rel-pp-139	person	eusebius-of-caesarea	bishop_of	city	caesarea-maritima-caesarea	313	340	5		attested		Eusebius was bishop of Caesarea Maritima from c.313 until his death c.340; the city was the seat of his historical and scholarly work
rel-pp-140	person	lucian-of-antioch	active_in	city	antioch-antakya	270	312	5		attested		Lucian founded his famous scriptural school at Antioch; martyred 312 at Nicomedia; both Arius and Eusebius of Nicomedia were his students
rel-pp-141	person	arius	teacher_of	person	lucian-of-antioch	295	312	4	neutral	attested		Socrates HE 1.5; Sozomen HE 1.15: Arius was a student of Lucian of Antioch, who taught a subordinationist Logos theology that influenced Arius
rel-pp-142	person	donatus-magnus	bishop_of	city	carthage-carthage	315	355	5		attested		Donatus Magnus became the Donatist bishop of Carthage c.315 after the schism; led the movement for over 40 years
