work_id	title_display	author_person_id	author_name_display	year_written_start	year_written_end	work_type	language	place_written_id	place_recipient_ids	description	significance	modern_edition_url	citations
nt-galatians	Letter to the Galatians	paul	Paul of Tarsus	48	55	letter	Greek			Letter on Gentile inclusion and law/faith controversy.	Central to early debates about Torah and Gentiles. 	https://www.biblegateway.com/passage/?search=Galatians&version=NRSVUE	https://en.wikipedia.org/wiki/Epistle_to_the_Galatians
nt-1thess	First Letter to the Thessalonians	paul	Paul of Tarsus	49	51	letter	Greek		city:thessalonica-thessaloniki	Encouragement and early Christian eschatology.	Among earliest extant Christian writings. 	https://www.biblegateway.com/passage/?search=1%20Thessalonians&version=NRSVUE	https://en.wikipedia.org/wiki/First_Epistle_to_the_Thessalonians
nt-2thess	Second Letter to the Thessalonians		Anonymous (trad. Paul)	50	100	letter	Greek		city:thessalonica-thessaloniki	Clarifies eschatology and calls for steadiness.	"Influential apocalyptic tradition (""man of lawlessness""). "	https://www.biblegateway.com/passage/?search=2%20Thessalonians&version=NRSVUE	https://en.wikipedia.org/wiki/Second_Epistle_to_the_Thessalonians
nt-1cor	First Letter to the Corinthians	paul	Paul of Tarsus	53	55	letter	Greek		city:corinth-ancient-corinth	Pastoral correction on divisions, worship, resurrection.	Key early evidence for Eucharist tradition and resurrection teaching. 	https://www.biblegateway.com/passage/?search=1%20Corinthians&version=NRSVUE	https://en.wikipedia.org/wiki/First_Epistle_to_the_Corinthians
nt-2cor	Second Letter to the Corinthians	paul	Paul of Tarsus	55	56	letter	Greek		city:corinth-ancient-corinth	Defense of apostolic ministry; reconciliation and suffering.	Major source for Pauline ministry theology. 	https://www.biblegateway.com/passage/?search=2%20Corinthians&version=NRSVUE	https://en.wikipedia.org/wiki/Second_Epistle_to_the_Corinthians
nt-romans	Letter to the Romans	paul	Paul of Tarsus	56	58	letter	Greek		city:rome-rome	Paul’s letter to the church at Rome.	Foundational Pauline theology; soteriology and Jew/Gentile issues. 	https://www.biblegateway.com/passage/?search=Romans&version=NRSVUE	https://en.wikipedia.org/wiki/Epistle_to_the_Romans
gospel-of-thomas	Gospel of Thomas		Anonymous (attributed to Thomas)	60	200	other	Coptic			Sayings collection (logia) attributed to Jesus; preserved in Coptic with Greek fragments.	Major extra-canonical sayings gospel; central to “lost Christianities” study.	https://en.wikipedia.org/wiki/Gospel_of_Thomas	https://en.wikipedia.org/wiki/Gospel_of_Thomas
nt-1peter	First Letter of Peter	peter	Peter (traditional)	60	95	letter	Greek			Encouragement amid suffering; holiness; baptismal identity.	Important for persecution theology and ecclesial ethics. 	https://www.biblegateway.com/passage/?search=1%20Peter&version=NRSVUE	https://en.wikipedia.org/wiki/First_Epistle_of_Peter
nt-colossians	Letter to the Colossians		Anonymous (trad. Paul)	60	90	letter	Greek		city:colossae-near-honaz	Christ’s supremacy; warning against false teaching.	Important for cosmic Christology. 	https://www.biblegateway.com/passage/?search=Colossians&version=NRSVUE	https://en.wikipedia.org/wiki/Epistle_to_the_Colossians
nt-ephesians	Letter to the Ephesians		Anonymous (trad. Paul)	60	95	letter	Greek		city:ephesus-selcuk-area	Letter on church unity and cosmic reconciliation in Christ.	Influential ecclesiology and “in Christ” theology. 	https://www.biblegateway.com/passage/?search=Ephesians&version=NRSVUE	https://en.wikipedia.org/wiki/Epistle_to_the_Ephesians
nt-jude	Letter of Jude		Anonymous (trad. Jude)	60	100	letter	Greek			Polemic against intruders; appeals to tradition and judgment.	Early anti-false-teacher rhetoric with apocalyptic motifs. 	https://www.biblegateway.com/passage/?search=Jude&version=NRSVUE	https://en.wikipedia.org/wiki/Epistle_of_Jude
nt-mark	Gospel according to Mark	mark-the-evangelist	Mark (traditional)	60	75	treatise	Greek			Canonical gospel narrative often dated earliest of the four.	Core canonical gospel; source for Matthew/Luke. 	https://www.biblegateway.com/passage/?search=Mark&version=NRSVUE	https://en.wikipedia.org/wiki/Gospel_of_Mark
nt-philemon	Letter to Philemon	paul	Paul of Tarsus	60	62	letter	Greek		city:colossae-near-honaz	Intercession for Onesimus; reconciliation.	Short window into Pauline ethics and social practice. 	https://www.biblegateway.com/passage/?search=Philemon&version=NRSVUE	https://en.wikipedia.org/wiki/Epistle_to_Philemon
nt-philippians	Letter to the Philippians	paul	Paul of Tarsus	60	62	letter	Greek		city:philippi-filippoi	Joy and perseverance; includes Christ hymn.	Early Christological hymn and pastoral model. 	https://www.biblegateway.com/passage/?search=Philippians&version=NRSVUE	https://en.wikipedia.org/wiki/Epistle_to_the_Philippians
ascension-of-isaiah	Ascension of Isaiah		Anonymous (pseudonymous as Isaiah)	70	175	other	Greek			Composite Judeo-Christian apocalypse/vision with Christological material.	Important for early visionary Christology and prophetic-apocalyptic tradition.	https://en.wikipedia.org/wiki/Ascension_of_Isaiah	https://en.wikipedia.org/wiki/Ascension_of_Isaiah
epistle-barnabas	Epistle of Barnabas		Anonymous (pseudonymous as Barnabas)	70	135	letter	Greek			Anti-Judaizing tract with allegorical exegesis; includes “Two Ways” material.	Important for early Christian-Jewish relations and non-canonical reception.	https://en.wikipedia.org/wiki/Epistle_of_Barnabas	https://en.wikipedia.org/wiki/Epistle_of_Barnabas
nt-james	Letter of James	james-the-just	James the Just (traditional)	70	110	letter	Greek			Practical exhortation on faith, works, speech, endurance.	Early Christian wisdom tradition and ethics. 	https://www.biblegateway.com/passage/?search=James&version=NRSVUE	https://en.wikipedia.org/wiki/Epistle_of_James
nt-luke	Gospel according to Luke	luke	Luke (traditional)	70	90	treatise	Greek			Canonical gospel narrative with emphasis on salvation history.	Core canonical gospel; major source for infancy narratives. 	https://www.biblegateway.com/passage/?search=Luke&version=NRSVUE	https://en.wikipedia.org/wiki/Gospel_of_Luke
nt-matthew	Gospel according to Matthew		Anonymous (trad. Matthew)	70	90	treatise	Greek			Canonical gospel narrative emphasizing Jesus as Messiah.	Core canonical gospel; synoptic tradition. 	https://www.biblegateway.com/passage/?search=Matthew&version=NRSVUE	https://en.wikipedia.org/wiki/Gospel_of_Matthew
odes-of-solomon	Odes of Solomon		Anonymous	70	125	other	Syriac			Collection of early Christian hymnic odes; possibly Jewish-Christian in origin.	Major witness to early devotion and hymnody.	https://en.wikipedia.org/wiki/Odes_of_Solomon	https://en.wikipedia.org/wiki/Odes_of_Solomon
didache	Didache		Anonymous	80	120	rule	Greek	city:antioch-antakya		Early church manual on ethics (“Two Ways”), baptism, Eucharist, ministry.	Earliest surviving church-order text; key for primitive liturgy/discipline.	https://www.newadvent.org/fathers/0714.htm	https://www.newadvent.org/fathers/0714.htm;https://en.wikipedia.org/wiki/Didache
nt-1tim	First Letter to Timothy		Anonymous (trad. Paul)	80	100	letter	Greek			Pastoral counsel on teaching and church order.	Key pastoral epistle for early community structure. 	https://www.biblegateway.com/passage/?search=1%20Timothy&version=NRSVUE	https://en.wikipedia.org/wiki/First_Epistle_to_Timothy
nt-2tim	Second Letter to Timothy		Anonymous (trad. Paul)	80	100	letter	Greek			Perseverance in suffering; safeguarding teaching.	Important for pastoral succession and Scripture statement. 	https://www.biblegateway.com/passage/?search=2%20Timothy&version=NRSVUE	https://en.wikipedia.org/wiki/Second_Epistle_to_Timothy
nt-acts	Acts of the Apostles	luke	Luke (traditional)	80	95	chronicle	Greek			Narrative of early apostolic mission and church expansion.	Primary narrative source for earliest post-Easter movement. 	https://www.biblegateway.com/passage/?search=Acts&version=NRSVUE	https://en.wikipedia.org/wiki/Acts_of_the_Apostles
nt-hebrews	Letter to the Hebrews		Anonymous	80	95	homily	Greek			Exhortation presenting Christ as high priest and new covenant.	Core for priesthood/sacrifice theology; major canonical homily. 	https://www.biblegateway.com/passage/?search=Hebrews&version=NRSVUE	https://en.wikipedia.org/wiki/Epistle_to_the_Hebrews
nt-titus	Letter to Titus		Anonymous (trad. Paul)	80	100	letter	Greek			Guidance on appointing elders and teaching.	Pastoral governance and catechesis. 	https://www.biblegateway.com/passage/?search=Titus&version=NRSVUE	https://en.wikipedia.org/wiki/Epistle_to_Titus
nt-1john	First Letter of John	john-the-apostle	John (traditional)	90	110	letter	Greek			Assurance, love, Christology; anti-secession polemic.	Key Johannine theological text. 	https://www.biblegateway.com/passage/?search=1%20John&version=NRSVUE	https://en.wikipedia.org/wiki/First_Epistle_of_John
nt-2john	Second Letter of John	john-the-apostle	John (traditional)	90	110	letter	Greek			Short note on truth/love; warns against deceivers.	Early boundary-setting for doctrine and hospitality. 	https://www.biblegateway.com/passage/?search=2%20John&version=NRSVUE	https://en.wikipedia.org/wiki/Second_Epistle_of_John
nt-3john	Third Letter of John	john-the-apostle	John (traditional)	90	110	letter	Greek			Local leadership dispute; hospitality and authority.	Evidence for early community conflict dynamics. 	https://www.biblegateway.com/passage/?search=3%20John&version=NRSVUE	https://en.wikipedia.org/wiki/Third_Epistle_of_John
nt-john	Gospel according to John	john-the-apostle	John (traditional)	90	110	treatise	Greek			Canonical gospel with high Christology and extended discourses.	Key for Logos Christology; distinct Johannine tradition. 	https://www.biblegateway.com/passage/?search=John&version=NRSVUE	https://en.wikipedia.org/wiki/Gospel_of_John
nt-revelation	Revelation (Apocalypse of John)	john-of-patmos	John of Patmos (traditional)	90	96	other	Greek	city:patmos-patmos		Apocalyptic visions and letters to seven churches.	Canonical apocalypse shaping eschatology and liturgical imagery. 	https://www.biblegateway.com/passage/?search=Revelation&version=NRSVUE	https://en.wikipedia.org/wiki/Book_of_Revelation
1-clement	First Letter of Clement	clement-of-rome	Clement of Rome	95	97	letter	Greek	city:rome-rome	city:corinth-ancient-corinth	Roman church letter to Corinth urging unity and orderly ministry.	Major witness to early Roman leadership, order, and succession language.	https://www.newadvent.org/fathers/1010.htm	https://www.newadvent.org/fathers/1010.htm;https://en.wikipedia.org/wiki/First_Epistle_of_Clement
acts-of-paul	Acts of Paul		Anonymous	100	160	other	Greek			Apocryphal acts about Paul; includes Thecla and correspondence with Corinthians in some traditions.	Early apocryphal Pauline narrative complex; widely transmitted.	https://en.wikipedia.org/wiki/Acts_of_Paul	https://en.wikipedia.org/wiki/Acts_of_Paul
apocalypse-peter	Apocalypse of Peter		Anonymous	100	150	other	Greek			Apocalyptic vision of rewards and punishments; known in early canon discussions.	Influential early apocalypse; evidence for afterlife imagery in early Christianity.	https://en.wikipedia.org/wiki/Apocalypse_of_Peter	https://en.wikipedia.org/wiki/Apocalypse_of_Peter
nt-2peter	Second Letter of Peter		Anonymous (pseudonymous as Peter)	100	140	letter	Greek			Polemic against false teachers; parousia delay.	Important for canon awareness and anti-false-teaching tradition. 	https://www.biblegateway.com/passage/?search=2%20Peter&version=NRSVUE	https://en.wikipedia.org/wiki/Second_Epistle_of_Peter
shepherd-of-hermas	The Shepherd of Hermas	hermas	Hermas	100	150	treatise	Greek	city:rome-rome		Visions and mandates calling for repentance and moral rigor.	Widely read in early churches; key witness to Roman Christianity.	https://en.wikipedia.org/wiki/The_Shepherd_of_Hermas	https://en.wikipedia.org/wiki/The_Shepherd_of_Hermas;https://www.ccel.org/ccel/schaff/anf02.html
ignatius-ephesians	Ignatius, Letter to the Ephesians	ignatius-of-antioch	Ignatius of Antioch	107	110	letter	Greek	city:smyrna-izmir	city:ephesus-selcuk-area	Letter stressing unity with bishop/presbyters and Christological confession.	Core text for early episcopal ecclesiology and anti-docetic concerns.	https://www.ccel.org/ccel/schaff/anf01.v.i.html	https://www.ccel.org/ccel/schaff/anf01.html;https://en.wikipedia.org/wiki/Epistle_to_the_Ephesians_%28Ignatius%29
ignatius-magnesians	Ignatius, Letter to the Magnesians	ignatius-of-antioch	Ignatius of Antioch	107	110	letter	Greek	city:smyrna-izmir		Letter emphasizing unity, obedience to bishop, and Christian life.	Key witness to early church order; recipient city not in current places list.	https://en.wikipedia.org/wiki/Epistle_to_the_Magnesians	https://en.wikipedia.org/wiki/Epistle_to_the_Magnesians
ignatius-romans	Ignatius, Letter to the Romans	ignatius-of-antioch	Ignatius of Antioch	107	110	letter	Greek	city:smyrna-izmir	city:rome-rome	Letter begging Roman Christians not to prevent his martyrdom.	Famous martyrdom spirituality text; early Roman church profile.	https://en.wikipedia.org/wiki/Epistle_to_the_Romans	https://en.wikipedia.org/wiki/Epistle_to_the_Romans
ignatius-trallians	Ignatius, Letter to the Trallians	ignatius-of-antioch	Ignatius of Antioch	107	110	letter	Greek	city:smyrna-izmir		Letter warning against heresy and urging unity around bishop.	Key early anti-docetic/anti-schismatic testimony.	https://en.wikipedia.org/wiki/Epistle_to_the_Trallians	https://en.wikipedia.org/wiki/Epistle_to_the_Trallians
ignatius-philadelphians	Ignatius, Letter to the Philadelphians	ignatius-of-antioch	Ignatius of Antioch	108	110	letter	Greek	city:troas-alexandria-troas	city:philadelphia-alasehir	Letter urging unity and warning against Judaizing and division.	Important for early ecclesial unity and polemics.	https://en.wikipedia.org/wiki/Epistle_to_the_Philadelphians	https://en.wikipedia.org/wiki/Epistle_to_the_Philadelphians
ignatius-polycarp	Ignatius, Letter to Polycarp	ignatius-of-antioch	Ignatius of Antioch	108	110	letter	Greek	city:troas-alexandria-troas	city:smyrna-izmir	Personal exhortation to Polycarp on leadership and steadfastness.	Important for early episcopal pastoral counsel.	https://www.ccel.org/ccel/schaff/anf01.v.x.html	https://www.ccel.org/ccel/schaff/anf01.v.x.html;https://en.wikipedia.org/wiki/Epistle_to_Polycarp
ignatius-smyrnaeans	Ignatius, Letter to the Smyrnaeans	ignatius-of-antioch	Ignatius of Antioch	108	110	letter	Greek	city:troas-alexandria-troas	city:smyrna-izmir	Letter insisting on real incarnation and Eucharist; unity with bishop.	Classic early anti-docetic text; Eucharistic realism witness.	https://www.ccel.org/ccel/schaff/anf01.v.vii.html	https://www.ccel.org/ccel/schaff/anf01.v.vii.html;https://en.wikipedia.org/wiki/Epistle_to_the_Smyrnaeans
gospel-hebrews	Gospel of the Hebrews (fragments)		Anonymous	110	180	other	Hebrew/Aramaic			Jewish-Christian gospel known only through patristic quotations and reports.	Important for Jewish-Christian gospel traditions and early reception history.	https://en.wikipedia.org/wiki/Gospel_of_the_Hebrews	https://en.wikipedia.org/wiki/Gospel_of_the_Hebrews
gospel-nazarenes	Gospel of the Nazarenes (fragments)		Anonymous	110	190	other	Hebrew/Aramaic			Reconstructed Jewish-Christian gospel known from patristic citations.	Important for Jewish-Christian gospel textual traditions.	https://en.wikipedia.org/wiki/Gospel_of_the_Nazarenes	https://en.wikipedia.org/wiki/Gospel_of_the_Nazarenes
polycarp-philippians	Polycarp, Letter to the Philippians	polycarp-of-smyrna	Polycarp of Smyrna	110	140	letter	Greek	city:smyrna-izmir	city:philippi-filippoi	Exhortation letter; echoes/cites New Testament writings; mentions Ignatius.	Bridge figure to apostolic generation; early reception of Pauline corpus.	https://en.wikipedia.org/wiki/Epistle_of_Polycarp_to_the_Philippians	https://en.wikipedia.org/wiki/Epistle_of_Polycarp_to_the_Philippians
2-clement	Second Clement (Ancient Homily)		Anonymous (trad. Clement)	120	160	homily	Greek			Early Christian homily emphasizing repentance and obedience.	One of the earliest post-apostolic sermons; shows preaching style.	https://en.wikipedia.org/wiki/Second_Epistle_of_Clement	https://en.wikipedia.org/wiki/Second_Epistle_of_Clement
apocryphon-of-john	Apocryphon of John (Secret Book of John)		Anonymous (Sethian)	120	180	other	Coptic			Sethian gnostic cosmological revelation attributed to John.	Principal Nag Hammadi text for gnostic cosmology; known to Irenaeus.	https://en.wikipedia.org/wiki/Apocryphon_of_John	https://en.wikipedia.org/wiki/Apocryphon_of_John
aristides-apology	Aristides, Apology	aristides	Aristides of Athens	120	140	treatise	Greek	city:athens-athens		Apology contrasting Christian worship with paganism and Judaism.	Early apologist text describing Christian life and ethics.	https://en.wikipedia.org/wiki/Apology_of_Aristides	https://en.wikipedia.org/wiki/Apology_of_Aristides;https://www.ccel.org/ccel/schaff/anf02.html
basilides-exegetica	Basilides, Exegetica (lost; fragments)	basilides	Basilides	120	150	treatise	Greek			Lost doctrinal work attributed to Basilides, known through hostile citations and reports.	Important witness to early Alexandrian gnostic teaching.	https://en.wikipedia.org/wiki/Basilides	https://en.wikipedia.org/wiki/Basilides
epistula-apostolorum	Epistula Apostolorum (Epistle of the Apostles)		Anonymous	120	180	other	Greek			Pseudo-apostolic open letter and risen-Christ dialogue opposing docetism/gnosticism.	Important “orthodox” counter-gnostic use of dialogue-gospel genre.	https://en.wikipedia.org/wiki/Epistula_Apostolorum	https://en.wikipedia.org/wiki/Epistula_Apostolorum
gospel-ebionites	Gospel of the Ebionites (fragments)		Anonymous	120	170	other	Greek			Reconstructed Jewish-Christian gospel known from Epiphanius’ quotations.	Important for understanding Ebionite traditions and gospel harmonies.	https://en.wikipedia.org/wiki/Gospel_of_the_Ebionites	https://en.wikipedia.org/wiki/Gospel_of_the_Ebionites
gospel-of-mary	Gospel of Mary		Anonymous	120	180	other	Coptic			Dialogue/revelation text featuring Mary Magdalene as interpreter of teaching.	Important for early Christian diversity and authority disputes in narrative.	https://en.wikipedia.org/wiki/Gospel_of_Mary	https://en.wikipedia.org/wiki/Gospel_of_Mary
greek-gospel-egyptians	Greek Gospel of the Egyptians (fragments)		Anonymous	120	160	other	Greek			Early apocryphal gospel known from quotations (esp. Clement of Alexandria).	Important for early extracanonical gospel traditions and ascetic sayings.	https://en.wikipedia.org/wiki/Greek_Gospel_of_the_Egyptians	https://en.wikipedia.org/wiki/Greek_Gospel_of_the_Egyptians
quadratus-apology	Quadratus, Apology (fragment)	quadratus	Quadratus of Athens	124	130	treatise	Greek	city:athens-athens		Apologetic work known mainly from a fragment preserved by Eusebius.	Earliest known Christian apology fragment; shows public defense genre.	https://en.wikipedia.org/wiki/Quadratus_of_Athens	https://en.wikipedia.org/wiki/Quadratus_of_Athens
epistle-diognetus	Epistle to Diognetus		"Anonymous (""Mathetes"")"	130	200	treatise	Greek			Apology describing Christians as a distinct people living within society.	Classic early statement of Christian identity and mission in the world.	https://en.wikipedia.org/wiki/Epistle_to_Diognetus	https://en.wikipedia.org/wiki/Epistle_to_Diognetus
gospel-of-truth	Gospel of Truth		Anonymous (Valentinian)	140	180	homily	Coptic			Valentinian homiletic tract on ignorance, revelation, and salvation.	Major Valentinian text; cited by Irenaeus as heretical.	https://en.wikipedia.org/wiki/Gospel_of_Truth	https://en.wikipedia.org/wiki/Gospel_of_Truth
infancy-gospel-thomas	Infancy Gospel of Thomas		Anonymous	140	190	other	Greek			Apocryphal childhood miracle stories of Jesus.	Widely transmitted; important for popular piety and apocryphal tradition.	https://en.wikipedia.org/wiki/Infancy_Gospel_of_Thomas	https://en.wikipedia.org/wiki/Infancy_Gospel_of_Thomas
marcion-antithesis	Marcion, Antitheses	marcion	Marcion of Sinope	140	160	treatise	Greek	city:rome-rome		Lost manifesto contrasting Old Testament creator with the God proclaimed by Jesus; known from patristic reports.	Key source for Marcionite theology and early canon debates.	https://en.wikipedia.org/wiki/Antithesis	https://en.wikipedia.org/wiki/Antithesis;https://en.wikipedia.org/wiki/Marcion_of_Sinope
marcion-apostolikon	Marcionite Apostolikon (Pauline epistle collection)	marcion	Marcionite community (used by Marcion)	140	160	canon	Greek	city:rome-rome		Collection of Pauline letters used in Marcion’s canon (reconstructed from patristic witnesses).	Key evidence for early collection and reception of Pauline epistles.	https://en.wikipedia.org/wiki/Gospel_of_Marcion	https://en.wikipedia.org/wiki/Marcionism;https://en.wikipedia.org/wiki/Gospel_of_Marcion
marcion-gospel	Gospel of Marcion (Evangelion)	marcion	Marcionite community (used by Marcion)	140	160	other	Greek	city:rome-rome		Marcionite gospel text (often viewed as a form of Luke) reconstructed from patristic citations.	Central for studies of Marcionism and early gospel textual history.	https://en.wikipedia.org/wiki/Gospel_of_Marcion	https://en.wikipedia.org/wiki/Gospel_of_Marcion
valentinus-fragments	Valentinus, Fragments (homilies/letters; fragments)	valentinus	Valentinus	140	165	treatise	Greek			Fragmentary sayings/homiletic material attributed to Valentinus.	Central for reconstructing Valentinian theology at its source.	https://en.wikipedia.org/wiki/Valentinus	https://en.wikipedia.org/wiki/Valentinus
gospel-of-james	Protoevangelium of James (Gospel of James)		Anonymous	145	170	other	Greek			Infancy narrative focusing on Mary’s birth/upbringing and Jesus’ birth.	Highly influential on Marian tradition and later liturgy/iconography.	https://en.wikipedia.org/wiki/Gospel_of_James	https://en.wikipedia.org/wiki/Gospel_of_James
acts-of-andrew	Acts of Andrew		Anonymous	150	200	other	Greek			Apocryphal acts describing Andrew’s miracles and martyrdom traditions.	Major apocryphal Acts text; influential in later hagiography.	https://en.wikipedia.org/wiki/Acts_of_Andrew	https://en.wikipedia.org/wiki/Acts_of_Andrew
acts-of-john	Acts of John		Anonymous	150	200	other	Greek	city:ephesus-selcuk-area		Apocryphal acts featuring miracles and teachings associated with John.	Important for Johannine apocryphal tradition and early hymn material (“Hymn of Jesus”).	https://en.wikipedia.org/wiki/Acts_of_John	https://en.wikipedia.org/wiki/Acts_of_John
julius-africanus-chronographiae	Chronographiae (Chronographies)	julius-africanus	Julius Africanus	212	221	chronicle	Greek	city:jerusalem-jerusalem		Five-book universal chronicle from Creation to 221 AD; established the Anno Mundi chronological framework used by subsequent Christian chronographers; synchronized biblical history with Greek, Roman, Egyptian, and Persian chronologies; calculated 5,500 years from Creation to the Incarnation; includes the famous letter to Aristides harmonizing the genealogies of Matthew and Luke.	The first Christian universal chronography; established the framework (Creation → Incarnation → Second Coming) used by all subsequent Christian chronographers including Eusebius; the 5,500-year calculation became standard in Byzantine chronography; the letter to Aristides on the genealogies is the earliest known attempt at gospel harmonization of this kind.	https://en.wikipedia.org/wiki/Sextus_Julius_Africanus	https://en.wikipedia.org/wiki/Sextus_Julius_Africanus;https://www.newadvent.org/fathers/0614.htm
gospel-of-judas	Gospel of Judas		Anonymous (Gnostic)	150	180	other	Coptic			Dialogue text portraying Judas as recipient of special revelation.	Important witness to diversity of second-century Christian mythmaking.	https://en.wikipedia.org/wiki/Gospel_of_Judas	https://en.wikipedia.org/wiki/Gospel_of_Judas
gospel-of-peter	Gospel of Peter		Anonymous	150	190	other	Greek			Apocryphal passion/resurrection narrative; includes distinctive features.	Key text for non-canonical gospel tradition and early Christology debates.	https://en.wikipedia.org/wiki/Gospel_of_Peter	https://en.wikipedia.org/wiki/Gospel_of_Peter
justin-first-apology	Justin Martyr, First Apology	justin-martyr	Justin Martyr	150	155	treatise	Greek	city:rome-rome		Defense of Christians; includes descriptions of baptism and Eucharistic worship.	Foundational apology and early liturgy witness.	https://en.wikipedia.org/wiki/First_Apology_of_Justin_Martyr	https://en.wikipedia.org/wiki/First_Apology_of_Justin_Martyr;https://www.ccel.org/ccel/schaff/anf01.html
ptolemy-letter-flora	Ptolemy, Letter to Flora		Ptolemy (Valentinian)	150	175	letter	Greek			Valentinian letter interpreting the Law of Moses as having multiple sources.	One of the few extended “authentic” gnostic texts preserved via patristic transmission.	https://en.wikipedia.org/wiki/Letter_to_Flora	https://en.wikipedia.org/wiki/Letter_to_Flora
treatise-resurrection-rheginos	Treatise on the Resurrection (Letter to Rheginos)		Anonymous (Gnostic/quasi-gnostic)	150	200	letter	Coptic			Letter arguing the resurrection is real and believers are already raised spiritually.	Key Nag Hammadi text on resurrection debates and anti-docetic emphases.	https://en.wikipedia.org/wiki/Treatise_on_the_Resurrection	https://en.wikipedia.org/wiki/Treatise_on_the_Resurrection
justin-dialogue-trypho	Justin Martyr, Dialogue with Trypho	justin-martyr	Justin Martyr	155	165	treatise	Greek			Extended dialogue arguing from Scripture that Jesus is the Messiah.	Major early Christian-Jewish disputation text; typological exegesis.	https://en.wikipedia.org/wiki/Dialogue_with_Trypho	https://en.wikipedia.org/wiki/Dialogue_with_Trypho
justin-second-apology	Justin Martyr, Second Apology	justin-martyr	Justin Martyr	155	160	treatise	Greek	city:rome-rome		Further defense addressing persecution and injustice.	Important for Roman persecution context and apologetic method.	https://en.wikipedia.org/wiki/Second_Apology_of_Justin_Martyr	https://en.wikipedia.org/wiki/Second_Apology_of_Justin_Martyr;https://www.ccel.org/ccel/schaff/anf01.html
martyrdom-polycarp	Martyrdom of Polycarp		Church of Smyrna (anonymous)	155	170	chronicle	Greek	city:smyrna-izmir		Martyrdom narrative in epistolary form describing Polycarp’s death.	Earliest detailed post-NT martyrdom account; shapes later martyrology.	https://en.wikipedia.org/wiki/Martyrdom_of_Polycarp	https://en.wikipedia.org/wiki/Martyrdom_of_Polycarp
acts-of-peter	Acts of Peter		Anonymous	160	200	other	Greek			Apocryphal acts featuring Peter’s miracles and contest with Simon Magus.	Major apocryphal Acts source; origin of “Quo vadis” and inverted crucifixion tradition.	https://en.wikipedia.org/wiki/Acts_of_Peter	https://en.wikipedia.org/wiki/Acts_of_Peter
martyrdom-carpus	Martyrdom of Carpus, Papylus, and Agathonice		Anonymous	160	180	chronicle	Greek			Martyrdom account from Asia Minor tradition.	Significant early martyrdom narrative in the Greek East.	https://en.wikipedia.org/wiki/Carpus%2C_Papylus_and_Agathonice	https://en.wikipedia.org/wiki/Carpus%2C_Papylus_and_Agathonice
melito-on-pascha	Melito of Sardis, On the Pascha	melito-of-sardis	Melito of Sardis	160	170	homily	Greek	city:sardis-sart		Paschal homily with typology connecting Exodus to Christ.	Key early paschal theology; influential liturgical preaching.	https://en.wikipedia.org/wiki/Peri_Pascha	https://en.wikipedia.org/wiki/Peri_Pascha
minucius-felix-octavius	Minucius Felix, Octavius	minucius-felix	Minucius Felix	160	200	treatise	Latin	city:rome-rome		Latin dialogue defending Christianity against pagan critiques.	Influential early Latin apology; shows educated Roman Christian argumentation.	https://en.wikipedia.org/wiki/Octavius_%28dialogue%29	https://en.wikipedia.org/wiki/Octavius_%28dialogue%29
third-corinthians	Third Epistle to the Corinthians (from Acts of Paul)		Anonymous (pseudonymous as Paul)	160	190	letter	Greek	city:corinth-ancient-corinth		Pseudonymous Pauline correspondence (Corinthians ↔ Paul) combating gnostic teachings.	Important witness to anti-gnostic polemics and Pauline authority in apocrypha.	https://en.wikipedia.org/wiki/Third_Epistle_to_the_Corinthians	https://en.wikipedia.org/wiki/Third_Epistle_to_the_Corinthians
dionysius-corinth-letters	Dionysius of Corinth, Letters (lost; fragments)	dionysius-of-corinth	Dionysius of Corinth	165	180	letter	Greek	city:corinth-ancient-corinth		Collection of pastoral letters known from quotations/summary in Eusebius.	Evidence for wide correspondence networks among churches in the 2nd century.	https://en.wikipedia.org/wiki/Dionysius_of_Corinth	https://en.wikipedia.org/wiki/Dionysius_of_Corinth
hegesippus-memoirs	Hegesippus, Memoirs (Hypomnemata) (lost; fragments)	hegesippus	Hegesippus	165	180	chronicle	Greek			Early church history work known from fragments in Eusebius and others.	Important early source for succession lists and martyr traditions.	https://en.wikipedia.org/wiki/Hegesippus_%28chronicler%29	https://en.wikipedia.org/wiki/Hegesippus_%28chronicler%29
martyrdom-justin	Martyrdom of Justin		Anonymous	165	180	chronicle	Greek	city:rome-rome		Martyrdom narrative of Justin and companions.	Important for martyrdom tradition surrounding a leading apologist.	https://en.wikipedia.org/wiki/Justin_Martyr	https://en.wikipedia.org/wiki/Justin_Martyr
tatian-address-to-greeks	Tatian, Address to the Greeks	tatian	Tatian	165	175	treatise	Greek			Polemic against Greek philosophy and pagan religion.	Influential second-century apologetic critique.	https://en.wikipedia.org/wiki/Address_to_the_Greeks	https://en.wikipedia.org/wiki/Tatian;https://www.ccel.org/ccel/schaff/anf02.html
melito-apology	Melito of Sardis, Apology to Marcus Aurelius (lost; fragments)	melito-of-sardis	Melito of Sardis	170	180	treatise	Greek	city:sardis-sart		Apology reportedly addressed to Emperor Marcus Aurelius; survives in fragments/attestation.	Representative of second-century imperial apologetics; shows episcopal engagement.	https://en.wikipedia.org/wiki/Melito_of_Sardis	https://en.wikipedia.org/wiki/Melito_of_Sardis
muratorian-fragment	Muratorian Fragment (canon list)		Anonymous	170	200	canon	Latin	city:rome-rome		Early list/discussion of Christian writings accepted or disputed.	Key evidence for developing New Testament canon in the late 2nd century.	https://en.wikipedia.org/wiki/Muratorian_fragment	https://en.wikipedia.org/wiki/Muratorian_fragment
tatian-diatessaron	Tatian, Diatessaron	tatian	Tatian	170	175	other	Syriac			Harmony of the four canonical gospels, widely used in Syriac Christianity.	Major witness to gospel transmission and Syriac reception.	https://en.wikipedia.org/wiki/Diatessaron	https://en.wikipedia.org/wiki/Diatessaron
athenagoras-plea	Athenagoras, Plea for the Christians	athenagoras	Athenagoras of Athens	175	180	treatise	Greek			Philosophical defense addressing charges against Christians.	High-level philosophical apology engaging Greco-Roman culture.	https://en.wikipedia.org/wiki/Athenagoras_of_Athens	https://en.wikipedia.org/wiki/Athenagoras_of_Athens;https://www.ccel.org/ccel/schaff/anf02.html
athenagoras-resurrection	Athenagoras, On the Resurrection of the Dead	athenagoras	Athenagoras of Athens	175	180	treatise	Greek			Argument for bodily resurrection using philosophical reasoning.	Early systematic defense of resurrection doctrine.	https://en.wikipedia.org/wiki/Athenagoras_of_Athens	https://en.wikipedia.org/wiki/Athenagoras_of_Athens;https://www.ccel.org/ccel/schaff/anf02.html
gnostic-apocalypse-peter	Gnostic Apocalypse of Peter (Coptic Apocalypse of Peter)		Anonymous (Gnostic)	175	200	other	Coptic			Nag Hammadi apocalypse attributed to Peter with gnostic themes.	Important for gnostic reinterpretations of suffering and salvation.	https://en.wikipedia.org/wiki/Gnostic_Apocalypse_of_Peter	https://en.wikipedia.org/wiki/Gnostic_Apocalypse_of_Peter
letter-peter-to-philip	Letter of Peter to Philip		Anonymous (Gnostic)	175	200	letter	Coptic			Nag Hammadi epistle-opening that becomes apostolic acts/dialogue with the risen Christ.	Important for Petrine authority in some gnostic circles and “dialogue gospel” genre.	https://en.wikipedia.org/wiki/Letter_of_Peter_to_Philip	https://en.wikipedia.org/wiki/Letter_of_Peter_to_Philip
theophilus-to-autolycus-1	Theophilus of Antioch, To Autolycus (Book 1)	theophilus-of-antioch	Theophilus of Antioch	175	185	treatise	Greek	city:antioch-antakya		First book of an apologetic work explaining Christian belief.	Important early apologetic and creation theology witness.	https://en.wikipedia.org/wiki/To_Autolycus	https://en.wikipedia.org/wiki/To_Autolycus;https://www.ccel.org/ccel/schaff/anf02.html
theophilus-to-autolycus-2	Theophilus of Antioch, To Autolycus (Book 2)	theophilus-of-antioch	Theophilus of Antioch	175	185	treatise	Greek	city:antioch-antakya		Second book continuing apologetic arguments and moral critique.	Important for early Christian engagement with pagan culture.	https://en.wikipedia.org/wiki/To_Autolycus	https://en.wikipedia.org/wiki/To_Autolycus;https://www.ccel.org/ccel/schaff/anf02.html
theophilus-to-autolycus-3	Theophilus of Antioch, To Autolycus (Book 3)	theophilus-of-antioch	Theophilus of Antioch	175	185	treatise	Greek	city:antioch-antakya		Third book with chronology and arguments from prophets/scripture.	Witness to early Christian chronology arguments and scriptural appeals.	https://en.wikipedia.org/wiki/To_Autolycus	https://en.wikipedia.org/wiki/To_Autolycus;https://www.ccel.org/ccel/schaff/anf02.html
letter-lyons-vienne	Letter of the Churches of Lyons and Vienne (177)		Churches of Lyons and Vienne (anonymous)	177	177	letter	Greek	city:lugdunum-lyon		Account of the persecution in Gaul, preserved by Eusebius.	Major narrative source for 2nd-century martyrdoms and church life in Gaul.	https://en.wikipedia.org/wiki/Martyrs_of_Lyon	https://en.wikipedia.org/wiki/Martyrs_of_Lyon
acts-scillitan-martyrs	Acts of the Scillitan Martyrs		Anonymous (court record tradition)	180	180	chronicle	Latin	city:carthage-carthage		Trial/execution record of North African martyrs.	Earliest extant Latin Christian text; key for African Christianity.	https://en.wikipedia.org/wiki/Scillitan_Martyrs	https://en.wikipedia.org/wiki/Scillitan_Martyrs
apollonius-apology	Apollonius the Apologist, Apology (lost; attested)		Apollonius of Rome (apologist)	180	185	treatise	Greek	city:rome-rome		Apology reportedly presented in connection with Apollonius’ trial; not extant.	Important example of late-2nd-century apologetic literature tied to martyrdom.	https://en.wikipedia.org/wiki/Apollonius_the_Apologist	https://en.wikipedia.org/wiki/Apollonius_the_Apologist
irenaeus-against-heresies	Irenaeus, Against Heresies	irenaeus-of-lyon	Irenaeus of Lyon	180	190	treatise	Greek	city:lugdunum-lyon		Five-book refutation of Gnostic systems; argues for apostolic tradition.	Foundational anti-gnostic synthesis; major witness to early catholicity and canon.	https://en.wikipedia.org/wiki/Against_Heresies_%28Irenaeus%29	https://en.wikipedia.org/wiki/Against_Heresies_%28Irenaeus%29;https://www.ccel.org/ccel/schaff/anf01.html
irenaeus-demonstration	Irenaeus, Demonstration of the Apostolic Preaching	irenaeus-of-lyon	Irenaeus of Lyon	180	190	treatise	Greek	city:lugdunum-lyon		Catechetical summary of apostolic faith using scriptural proof.	Important early catechesis; complements Against Heresies.	https://www.ccel.org/ccel/irenaeus/demonstr.html	https://www.ccel.org/ccel/irenaeus/demonstr.html;https://en.wikipedia.org/wiki/Demonstration_of_the_Apostolic_Preachings
apollonius-ephesus-anti-montanist	Apollonius of Ephesus, Anti-Montanist Work (lost; fragments)		Apollonius of Ephesus	190	200	treatise	Greek	city:ephesus-selcuk-area		Lost polemical work against Montanism, known through later citations.	Important for Montanist controversy history and “New Prophecy” critique.	https://en.wikipedia.org/wiki/Apollonius_of_Ephesus	https://en.wikipedia.org/wiki/Apollonius_of_Ephesus
clement-alexandria-paedagogus	Clement of Alexandria, Paedagogus (The Instructor)	clement-of-alexandria	Clement of Alexandria	190	200	treatise	Greek	city:alexandria-alexandria		Moral instruction for Christian life and formation.	Important witness to Christian ethics and formation in Alexandria.	https://en.wikipedia.org/wiki/Paedagogus	https://en.wikipedia.org/wiki/Paedagogus;https://www.ccel.org/ccel/schaff/anf02.html
clement-alexandria-protrepticus	Clement of Alexandria, Protrepticus (Exhortation to the Greeks)	clement-of-alexandria	Clement of Alexandria	190	200	treatise	Greek	city:alexandria-alexandria		Exhortation urging pagans to embrace the Christian Logos.	Major Alexandrian apologetic/catechetical work; bridge to later theology.	https://en.wikipedia.org/wiki/Protrepticus_%28Clement%29	https://en.wikipedia.org/wiki/Clement_of_Alexandria;https://www.ccel.org/ccel/schaff/anf02.html
tertullian-ad-martyras	Tertullian, Ad Martyras (To the Martyrs)	tertullian	Tertullian	197	197	treatise	Latin	city:carthage-carthage		Exhortation to confessors awaiting trial and possible martyrdom.	Early Latin martyr spirituality text.	https://en.wikisource.org/wiki/Ad_martyras	https://en.wikisource.org/wiki/Ad_martyras;https://www.ccel.org/ccel/schaff/anf03.html
hippolytus-apostolic-tradition	Hippolytus, Apostolic Tradition	hippolytus	Hippolytus of Rome	215	215	rule	Greek	city:rome-rome		Early church order describing ordination rites, Eucharistic prayer, baptismal practice including infant baptism, daily prayer, and community life.	Oldest substantially preserved Eucharistic prayer and baptismal rite; earliest explicit instruction to baptize infants; key witness to Roman liturgical practice c.215.	https://en.wikipedia.org/wiki/Apostolic_Tradition	https://en.wikipedia.org/wiki/Apostolic_Tradition;https://www.ccel.org/ccel/schaff/anf05.html
origen-homilies-leviticus	Origen, Homilies on Leviticus	origen	Origen of Alexandria	238	244	homily	Greek	city:caesarea-maritima-caesarea		Series of homilies on Leviticus; includes discussion of infant baptism as received apostolic practice.	Key witness to infant baptism as apostolic tradition; Origen states the church received this custom from the apostles.	https://en.wikipedia.org/wiki/Origen	https://en.wikipedia.org/wiki/Origen
origen-commentary-romans	Origen, Commentary on Romans	origen	Origen of Alexandria	244	246	treatise	Greek	city:caesarea-maritima-caesarea		Extended commentary on Paul's Letter to the Romans, touching on baptism and original sin.	Contains explicit statements on infant baptism as apostolic tradition; key witness to 3rd-century baptismal theology.	https://en.wikipedia.org/wiki/Origen	https://en.wikipedia.org/wiki/Origen
eusebius-ecclesiastical-history	Eusebius, Ecclesiastical History	eusebius-of-caesarea	Eusebius of Caesarea	312	325	chronicle	Greek	city:caesarea-maritima-caesarea		Ten-book history of Christianity from the apostolic era to Constantine; preserves many otherwise lost letters, episcopal lists, and martyr accounts.	Primary narrative source for the first three centuries; indispensable for succession data, martyrdom records, and early church development.	https://en.wikipedia.org/wiki/Church_History_(Eusebius)	https://en.wikipedia.org/wiki/Church_History_(Eusebius);https://www.newadvent.org/fathers/2501.htm
cyprian-de-unitate	Cyprian, On the Unity of the Church	cyprian-of-carthage	Cyprian of Carthage	251	251	treatise	Latin	city:carthage-carthage		Treatise arguing for visible episcopal church unity; addresses schism after the Decian persecution.	Foundational ecclesiology; classic statement of episcopal unity and 'outside the church there is no salvation'.	https://en.wikipedia.org/wiki/On_the_Unity_of_the_Church	https://en.wikipedia.org/wiki/On_the_Unity_of_the_Church;https://www.newadvent.org/fathers/0504.htm
cyprian-ep-64	Cyprian, Epistle 64 (To Fidus, on Infant Baptism)	cyprian-of-carthage	Cyprian of Carthage	253	253	letter	Latin	city:carthage-carthage		Letter from Cyprian and 66 African bishops to Fidus, affirming infant baptism and rejecting any waiting period analogous to the eighth-day circumcision rule.	66 bishops unanimously affirm infant baptism; first conciliar ruling specifically on timing of infant baptism.	https://en.wikipedia.org/wiki/Cyprian	https://en.wikipedia.org/wiki/Cyprian;https://www.newadvent.org/fathers/050664.htm
tertullian-ad-nationes	Tertullian, Ad Nationes	tertullian	Tertullian	197	198	treatise	Latin	city:carthage-carthage		Two-book apology addressed to pagans, overlapping with Apologeticus.	Early Latin apologetic argumentation.	https://en.wikisource.org/wiki/Ante-Nicene_Fathers/Volume_III/Apologetic/Ad_Nationes	https://en.wikisource.org/wiki/Ante-Nicene_Fathers/Volume_III/Apologetic/Ad_Nationes;https://www.ccel.org/ccel/schaff/anf03.html
tertullian-apologeticus	Tertullian, Apologeticus (Apology)	tertullian	Tertullian	197	197	treatise	Latin	city:carthage-carthage		Apology defending Christians and demanding legal toleration.	Major Latin apology; key window into Christian–Roman relations.	https://www.newadvent.org/fathers/0301.htm	https://www.newadvent.org/fathers/0301.htm;https://en.wikipedia.org/wiki/Apologeticus;https://www.ccel.org/ccel/schaff/anf03.html
tertullian-de-spectaculis	Tertullian, De Spectaculis (On the Shows)	tertullian	Tertullian	197	200	treatise	Latin	city:carthage-carthage		Treatise against Christian attendance at pagan public entertainments.	Key for Christian ethics, idolatry critique, and Roman social life.	https://www.newadvent.org/fathers/0303.htm	https://www.newadvent.org/fathers/0303.htm;https://en.wikipedia.org/wiki/De_spectaculis;https://www.ccel.org/ccel/schaff/anf03.html
tertullian-de-testimonio-animae	Tertullian, De Testimonio Animae (The Testimony of the Soul)	tertullian	Tertullian	197	200	treatise	Latin	city:carthage-carthage		Argument that the soul bears natural testimony to God and Christian truths.	Notable apologetic method appealing to common human experience.	https://en.wikisource.org/wiki/De_testimonio_animae	https://en.wikisource.org/wiki/De_testimonio_animae;https://www.ccel.org/ccel/schaff/anf03.html
tertullian-de-baptismo	Tertullian, De Baptismo (On Baptism)	tertullian	Tertullian	198	200	treatise	Latin	city:carthage-carthage		Early treatise on baptism, its necessity, and related practice questions.	Earliest extant Latin treatise devoted to baptism.	https://en.wikisource.org/wiki/De_baptismo	https://en.wikisource.org/wiki/De_baptismo;https://www.ccel.org/ccel/schaff/anf03.html
tertullian-de-idololatria	Tertullian, De Idololatria (On Idolatry)	tertullian	Tertullian	198	200	treatise	Latin	city:carthage-carthage		Treatise on avoiding idolatry embedded in trades and social life.	Important for early Christian ethics in a pagan society.	https://www.tertullian.org/works/de_idololatria.htm	https://www.tertullian.org/works/de_idololatria.htm;https://www.ccel.org/ccel/schaff/anf03.html
tertullian-de-oratione	Tertullian, De Oratione (On Prayer)	tertullian	Tertullian	198	200	treatise	Latin	city:carthage-carthage		Treatise interpreting the Lord’s Prayer and Christian prayer discipline.	Important witness to early prayer practice and interpretation.	https://en.wikisource.org/wiki/De_Oratione	https://en.wikisource.org/wiki/De_Oratione;https://www.ccel.org/ccel/schaff/anf03.html
tertullian-de-paenitentia	Tertullian, De Paenitentia (On Repentance)	tertullian	Tertullian	198	200	treatise	Latin	city:carthage-carthage		Instruction on repentance and penance in Christian life.	Key early witness to penitential discipline concepts.	https://en.wikisource.org/wiki/Ante-Nicene_Fathers/Volume_III/Ethical/On_Repentance	https://en.wikisource.org/wiki/Ante-Nicene_Fathers/Volume_III/Ethical/On_Repentance;https://www.ccel.org/ccel/schaff/anf03.html
tertullian-de-patientia	Tertullian, De Patientia (On Patience)	tertullian	Tertullian	198	200	treatise	Latin	city:carthage-carthage		Moral treatise praising patience as a Christian virtue.	Important for early Christian moral teaching.	https://www.tertullian.org/works/de_patientia.htm	https://www.tertullian.org/works/de_patientia.htm;https://www.ccel.org/ccel/schaff/anf03.html
tertullian-de-praescriptione	Tertullian, De Praescriptione Haereticorum (Prescription Against Heretics)	tertullian	Tertullian	199	200	treatise	Latin	city:carthage-carthage		Argues heretics lack standing to interpret Scripture apart from apostolic churches.	Classic early argument for apostolic tradition and ecclesial authority.	https://en.wikisource.org/wiki/De_praescriptione_haereticorum	https://en.wikisource.org/wiki/De_praescriptione_haereticorum;https://www.tertullian.org/works/de_praescriptione_haereticorum.htm;https://www.ccel.org/ccel/schaff/anf03.html
tertullian-adversus-marcionem	Adversus Marcionem (Against Marcion)	tertullian	Tertullian	200	213	treatise	Latin	city:carthage-carthage		Five-book refutation of Marcion's theology, canon, and dualistic reading of Scripture; argues for the unity of the Old and New Testaments and the identity of the Creator with the Father of Jesus Christ.	Most comprehensive patristic critique of Marcionism; the longest surviving work of Tertullian; key for reconstructing Marcion's canon and system, and for understanding proto-orthodox canon formation.	https://www.tertullian.org/anf/anf03/anf03-28.htm	https://en.wikipedia.org/wiki/Adversus_Marcionem;https://www.tertullian.org/works/adversus_marcionem.htm
tertullian-adversus-praxeam	Adversus Praxeam (Against Praxeas)	tertullian	Tertullian	213	215	treatise	Latin	city:carthage-carthage		Refutation of modalistic monarchianism (Praxeas); the first systematic Latin exposition of Trinitarian theology, introducing the formula una substantia, tres personae (one substance, three persons) and the term Trinitas in a theological context.	Foundational for Latin Trinitarian vocabulary; the framework of one substance / three persons (una substantia, tres personae) became the standard Western Trinitarian formula; directly influenced Nicene and post-Nicene theology.	https://www.tertullian.org/anf/anf03/anf03-45.htm	https://en.wikipedia.org/wiki/Adversus_Praxeam;https://www.tertullian.org/works/adversus_praxeam.htm
origen-de-principiis	De Principiis (On First Principles)	origen	Origen	220	230	treatise	Greek	city:alexandria-alexandria		Origen's systematic theology in four books: the nature of God and the Trinity, the rational creatures and their fall, the material world and redemption, and Scripture and its interpretation; the first comprehensive Christian systematic theology.	First complete Christian systematic theology; foundational and controversial; introduced key ideas on pre-existence of souls, universal restoration (apocatastasis), and allegorical Scripture interpretation; condemned posthumously at the Second Council of Constantinople (553).	https://www.newadvent.org/fathers/04120.htm	https://en.wikipedia.org/wiki/De_Principiis;https://www.ccel.org/ccel/origen/prin.html
origen-contra-celsum	Contra Celsum (Against Celsus)	origen	Origen	246	248	treatise	Greek	city:caesarea-maritima-caesarea		Eight-book refutation of the pagan philosopher Celsus's True Word (c. 177 AD), a systematic literary attack on Christianity; Origen answers charges on Christian origins, ethics, theology, and cosmology; the fullest version of Celsus's critique survives only through Origen's quotations.	The most sophisticated early Christian apologetic work; preserves the most complete extant pagan critique of Christianity (Celsus); demonstrates the intellectual maturity of mid-3rd-century Christian theology.	https://www.newadvent.org/fathers/04161.htm	https://en.wikipedia.org/wiki/Contra_Celsum;https://www.ccel.org/ccel/origen/celsus.html
hippolytus-refutatio	Refutatio Omnium Haeresium (Refutation of All Heresies)	hippolytus	Hippolytus of Rome	222	235	treatise	Greek	city:rome-rome		Massive heresiological work in ten books cataloguing Greco-Roman philosophical schools and deriving heretical Christian movements from them; includes extended accounts of Gnostic systems, Noetus, Callixtus I, and the author's own role in Roman church disputes.	Major witness to Gnostic systems (Valentinians, Naassenes, Basilidians, etc.) and to Roman church politics c. 200–235; the most comprehensive ancient catalogue of heresies; attributed to Hippolytus and partly confirms his anti-episcopal schism.	https://www.newadvent.org/fathers/0501.htm	https://en.wikipedia.org/wiki/Refutation_of_All_Heresies;https://www.ccel.org/ccel/schaff/anf05.html
novatian-de-trinitate	De Trinitate (On the Trinity)	novatian	Novatian	240	250	treatise	Latin	city:rome-rome		Systematic Latin treatise on the Trinity in thirty-one chapters; argues for the full divinity of the Son against adoptionism and for the distinction of persons against modalism; the most comprehensive pre-Nicene Latin Trinitarian theology.	Most important pre-Nicene Latin theological treatise on the Trinity; influenced Nicene and Western Trinitarian formulations; demonstrates the sophistication of Roman theology before the Arian controversy.	https://www.newadvent.org/fathers/0511.htm	https://en.wikipedia.org/wiki/Novatian;https://www.ccel.org/ccel/schaff/anf05.html
cyprian-de-lapsis	De Lapsis (On the Lapsed)	cyprian-of-carthage	Cyprian of Carthage	251	251	treatise	Latin	city:carthage-carthage		Cyprian's treatise written after the Decian persecution addressing how to treat those who apostasized (the lapsi); distinguishes degrees of lapsing (libellatici, sacrificati) and argues for a graduated penitential process before readmission, against both rigorists (Novatian) and laxists.	Key text for the development of penitential theology and for understanding the Novatianist and Felicissimus controversies; Cyprian's moderate position shaped subsequent Western penitential discipline.	https://www.newadvent.org/fathers/050601.htm	https://en.wikipedia.org/wiki/Cyprian;https://www.ccel.org/ccel/schaff/anf05.html
eusebius-vita-constantini	Vita Constantini (Life of Constantine)	eusebius-of-caesarea	Eusebius of Caesarea	335	339	chronicle	Greek	city:caesarea-maritima-caesarea		Four-book panegyric biography of Constantine I, completed after Constantine's death (337); includes extensive documentation of Constantine's religious edicts, his role at the Council of Nicaea, his letter to Arius and Alexander, and his church-building programme; partly autobiographical in Eusebius's account of the Council.	Primary source for Constantine's religious conversion (Chi-Rho vision, Milvian Bridge), his religious patronage, the Council of Nicaea, and Constantinian church building; despite its panegyric character, preserves documents otherwise unknown.	https://www.newadvent.org/fathers/2502.htm	https://en.wikipedia.org/wiki/Life_of_Constantine;https://www.ccel.org/ccel/schaff/npnf201.html
lactantius-divinae-institutiones	Divinae Institutiones (Divine Institutes)	lactantius	Lactantius	304	313	apology	Latin	city:nicomedia-izmit		Seven-book systematic Latin apology for Christianity, the first of its kind in Latin; refutes pagan philosophy and religion (Books 1–3), then presents the true wisdom (Books 4–6: justice, true worship, the blessed life) and concludes with eschatology and the millennial kingdom (Book 7); written largely during Diocletian's persecution; addressed to educated pagan readers; revised by Lactantius c.317 with pro-Constantinian additions.	First systematic Latin apology for Christianity; the most elegant Latin prose of any Christian writer before the 4th century; Lactantius's millenarian eschatology in Book 7 is a major pre-Nicene Latin source; the revised edition with pro-Constantinian addenda shows the text's use in imperial propaganda; highly influential on the humanists, who reprinted it first in 1465.	https://www.newadvent.org/fathers/0701.htm	https://en.wikipedia.org/wiki/Divine_Institutes;https://www.ccel.org/ccel/lactantius
lactantius-de-mortibus-persecutorum	De Mortibus Persecutorum (On the Deaths of the Persecutors)	lactantius	Lactantius	313	315	polemic	Latin	city:nicomedia-izmit		Polemical Latin treatise narrating the deaths of emperors who persecuted Christians from Nero to Galerius and Maximinus Daia; attributed to Lactantius on the basis of style and content (debated by some); the most detailed surviving account of the Great Persecution (303–313); contains the earliest account of Constantine's vision of the Chi-Rho at the Milvian Bridge (chapter 44) and the full Latin text of the Edict of Milan (chapter 48).	The most important primary source for the Great Persecution; contains the earliest account of Constantine's Chi-Rho vision and the verbatim Latin text of the Edict of Milan (313 AD); demonstrates how Christian writers immediately interpreted the fall of persecutors as divine judgment; the vivid death-scene rhetoric established a lasting template for anti-persecution apologetics.	https://www.newadvent.org/fathers/0705.htm	https://en.wikipedia.org/wiki/De_Mortibus_Persecutorum;https://www.ccel.org/ccel/lactantius
methodius-symposium	Symposium (Banquet of the Ten Virgins)	methodius-of-olympus	Methodius of Olympus	290	300	dialogue	Greek			A Platonic-style dialogue in which ten virgins assemble in a garden and each delivers a speech praising virginity as the highest Christian virtue, culminating in a hymn to Christ as Bridegroom; modeled explicitly on Plato's Symposium but reinterpreted through the Song of Songs and Revelation 14; the central speech (Thecla's) argues that humanity's moral progress moved from continence in marriage to full bodily virginity; the work ends with a choral hymn to Christ and the Virgin Church.	Earliest surviving extended Greek Christian encomium of virginity and the most sophisticated early Christian literary imitation of Plato; Methodius's identification of the Bride in the Song of Songs with the Church (not just the individual soul) became standard in patristic exegesis; the hymn at the end (Prooimion) is the oldest surviving Greek Christian lyric poetry outside the New Testament; directly influenced Gregory of Nyssa's On Virginity.	https://www.newadvent.org/fathers/0623.htm	https://en.wikipedia.org/wiki/Methodius_of_Olympus;https://www.ccel.org/ccel/schaff/anf06.html
victorinus-commentary-revelation	Commentary on the Apocalypse	victorinus-of-poetovio	Victorinus of Poetovio	260	303	commentary	Latin			The oldest surviving Latin biblical commentary; a verse-by-verse exposition of the Book of Revelation; strongly millenarian, identifying the Antichrist with Nero redivivus and anticipating a literal thousand-year reign of Christ on earth; preserves the earliest known Latin description of the seven seals as a recapitulatio (the same events described from different perspectives) — a hermeneutical technique later developed by Tyconius and Augustine; Jerome revised the work after Victorinus's death to remove the millenarian sections, but the original text was discovered in a Vienna manuscript in 1916 by J. Haussleiter.	The oldest surviving Latin biblical commentary and the only Latin Commentary on Revelation from the Ante-Nicene period; the original millenarian text, recovered in 1916, is crucial evidence for pre-Nicene Latin eschatology; Victorinus's recapitulation principle influenced all subsequent Latin Revelation commentary; his work confirms episcopal biblical study in the Latin-speaking Danubian provinces.	https://www.newadvent.org/fathers/0712.htm	https://en.wikipedia.org/wiki/Victorinus_of_Pettau;https://www.ccel.org/ccel/schaff/anf07.html
acts-of-paul-and-thecla	Acts of Paul and Thecla		Anonymous (trad. attributed to an Asian Presbyter)	160	190	other	Greek		city:iconium-konya	A narrative account (embedded in the larger Acts of Paul) in which the young noblewoman Thecla of Iconium hears Paul preach on virginity through a window, breaks her betrothal, follows Paul, twice survives martyrdom attempts (at Iconium and at Antioch in Pisidia), baptizes herself in a pool of seals in the arena, receives Paul's blessing to teach, and retires to a cave at Seleucia as an ascetic missionary; widely circulated and used in liturgy in Asia Minor, Syria, and Egypt.	Most widely read apocryphal Acts in antiquity; one of the most important texts for understanding female leadership claims, self-baptism, and ascetic virginity in 2nd-3rd century Christianity; Tertullian's explicit condemnation (De Baptismo 17) confirms its wide use to justify women baptizing; the work was invoked in liturgical practice in Asia Minor into the 5th century; Thecla's feast (September 23) entered the Roman martyrology.	https://www.newadvent.org/fathers/0802.htm	https://en.wikipedia.org/wiki/Acts_of_Paul_and_Thecla;https://www.ccel.org/ccel/schaff/anf08.html
hippolytus-against-noetus	Against Noetus	hippolytus	Hippolytus	200	210	treatise	Greek	city:rome-rome		Short but important refutation of Noetus of Smyrna's modalist (Patripassian) teaching; argues that the Scriptures distinguish Father and Son as two distinct subjects (prosopa) while affirming one God; preserves the substance of Hippolytus's earlier lectures at Rome against the Noetians; one of the earliest anti-monarchian texts; closely related to material in the Refutatio (Book 9).	Among the earliest extant treatises explicitly defending a two-subjects Christology against monarchianism; preserves key quotations from Noetus's teaching otherwise unavailable; demonstrates that the Trinitarian controversy was already acute in Rome by c.200 AD; the argument structure influenced subsequent Trinitarian anti-modalist polemic by Tertullian and Dionysius of Rome.	https://www.newadvent.org/fathers/0513.htm	https://en.wikipedia.org/wiki/Hippolytus_of_Rome;https://www.ccel.org/ccel/schaff/anf05.html
clement-alexandria-stromateis	Stromateis (Miscellanies)	clement-of-alexandria	Clement of Alexandria	195	215	treatise	Greek	city:alexandria-alexandria		Eight books of wide-ranging theological and philosophical reflection, deliberately structured as "miscellanies" (strômateis, lit. "patchwork quilts") to conceal deeper teaching within apparent disorder; addresses the relationship between Greek philosophy and Christian faith, the nature of true gnosis (knowledge), the Christian Gnostic, ethics, martyrdom, prophecy, and biblical interpretation; contains extensive quotations from Greek philosophy (Plato, Stoics) and from heterodox Gnostic sources (Valentinus, Basilides), making it a primary source for both.	The richest source in patristic literature for the relationship between Christianity and Greek philosophy; one of the most important pre-Nicene texts for understanding intellectual Christianity; preserves fragments of Heracleon (earliest extant Gospel commentary), Valentinus, Basilides, and numerous Greek philosophical texts; Clement's concept of the true Gnostic (the perfect Christian) shaped Alexandrian theology and Origen's program.	https://www.newadvent.org/fathers/0210.htm	https://en.wikipedia.org/wiki/Stromata;https://www.ccel.org/ccel/clement_a/strom.html
papias-fragments	Fragments of Papias (Exposition of the Dominical Oracles)	papias-of-hierapolis	Papias of Hierapolis	110	130	commentary	Greek		city:hierapolis-pamukkale	A five-book work titled Exposition of the Dominical Oracles, entirely lost except for fragments preserved primarily by Eusebius of Caesarea and Irenaeus; these fragments include: Papias's preface claiming oral tradition from the elders who knew the apostles; his famous millenarian prophecy of extraordinary fruitfulness attributed to the Lord; his brief notes on the Gospels of Matthew and Mark (the oldest external witnesses to these Gospels); and anecdotes about Judas Iscariot and others.	The fragments of Papias are among the most important and most discussed texts in New Testament studies; his statement that Mark wrote down Peter's teachings accurately but not in order is the oldest external testimony about the Gospel of Mark; his note on Matthew writing in the Hebrew language remains intensely debated; his description of the millenarian kingdom directly influenced Irenaeus and became the most discussed chiliastic text in antiquity; his claim to value oral tradition from the apostles' disciples over written texts is a key datum for understanding the transmission of Jesus traditions.	https://www.newadvent.org/fathers/0125.htm	https://en.wikipedia.org/wiki/Papias_of_Hierapolis;https://www.ccel.org/ccel/schaff/anf01.html
tertullian-de-carne-christi	De Carne Christi (On the Flesh of Christ)	tertullian	Tertullian	203	207	treatise	Latin	city:carthage-carthage		A treatise defending the reality of Christ's physical body against Marcionite and Docetic denials; argues that the Logos truly assumed human flesh (born of a virgin, not merely appearing to pass through her); argues against Marcion's view that Christ descended with an apparently human but actually non-material body; develops the argument that if Christ's suffering was not real, neither was his saving work real.	Foundational anti-Docetic text establishing the principle "caro salutis cardo" (the flesh is the hinge of salvation); the work's Christological arguments — full humanity is necessary for full redemption — prefigure Irenaeus's recapitulation and later soteriological developments; contains the famous assertion about Marcion's Christ being born "in a phantom manner."	https://www.newadvent.org/fathers/0315.htm	https://en.wikipedia.org/wiki/On_the_Flesh_of_Christ;https://www.tertullian.org/works/de_carne_christi.htm
tertullian-adversus-hermogenem	Adversus Hermogenem (Against Hermogenes)	tertullian	Tertullian	200	210	treatise	Latin	city:carthage-carthage		Refutation of Hermogenes of Carthage, who taught that God created the world from eternal pre-existing matter (hyle) rather than from nothing, in order to explain the existence of evil without implicating God; Tertullian argues systematically for creatio ex nihilo against this position; the work is the most sustained Latin patristic defense of creation from nothing and preserves Hermogenes's arguments in detail.	Primary text for the doctrine of creatio ex nihilo in Latin theology; Tertullian's arguments against eternal matter became standard in subsequent Western theology; the work also preserves important information about Hermogenes's Platonizing Christian theology, otherwise unknown.	https://www.newadvent.org/fathers/0311.htm	https://en.wikipedia.org/wiki/Adversus_Hermogenem;https://www.tertullian.org/works/adversus_hermogenem.htm
tertullian-de-anima	De Anima (On the Soul)	tertullian	Tertullian	210	213	treatise	Latin	city:carthage-carthage		Comprehensive treatise on the soul, combining philosophical analysis with Christian theology; argues that the soul is corporeal (material but spiritual substance), propagated by physical generation (traducianism), present in the seed and formed simultaneously with the body; refutes Plato, the Stoics, and various schools on the origin, nature, and fate of the soul; draws extensively on contemporary medical knowledge (Soranus); argues against the pre-existence of souls (opposing Origen); the work concludes with the first Christian discussion of the intermediate state after death.	The most comprehensive early Christian psychology; Tertullian's traducianism (the soul transmitted from parents to children along with the body) became one of two major positions on the soul's origin in Western theology (against Creationism, favored by Jerome and later Augustine); his argument against Platonic pre-existence of souls directly counters what would become Origen's position; the work is a primary source for ancient medicine and philosophy through Tertullian's extensive quotations.	https://www.newadvent.org/fathers/0319.htm	https://en.wikipedia.org/wiki/De_Anima_(Tertullian);https://www.tertullian.org/works/de_anima.htm
origen-hexapla	Hexapla	origen	Origen	230	245	commentary	Greek	city:caesarea-maritima-caesarea		Origen's massive six-column synoptic edition of the Hebrew Bible in six parallel versions: (1) the Hebrew text in Hebrew characters, (2) the Hebrew text in Greek transliteration, (3) Aquila's Greek translation, (4) Symmachus's Greek translation, (5) the Septuagint (LXX) with Origen's critical marks (obeli and asterisks), and (6) Theodotion's Greek translation; some sections had additional columns (Tetrapla and Octapla variants); total length estimated at c. 6,500 pages; probably never copied in full; the Septuagint column with Origen's critical marks was extracted separately and widely copied.	The most ambitious scholarly project in antiquity; Origen's textual-critical apparatus for the Septuagint (the Hexaplaric LXX) became the standard scholarly text and shaped the text of the LXX used in the Eastern church; the Hexapla is the origin of the discipline of textual criticism as applied to the Bible; no complete copy survives — only the Hexaplaric Septuagint column was widely copied, and fragments survive at the Ambrosian Library in Milan.	https://www.newadvent.org/fathers/04122.htm	https://en.wikipedia.org/wiki/Hexapla;https://www.ccel.org/ccel/origen
origen-homilies-luke	Homilies on Luke	origen	Origen of Alexandria	233	240	homily	Greek	city:caesarea-maritima-caesarea		Thirty-nine homilies on the Gospel of Luke preached in Caesarea; survive in Jerome's Latin translation; fragments of the Greek original also survive; contains the earliest known use of the title Theotokos (God-bearer) for Mary (fragment 26.1); treats the infancy narratives, Magnificat, and early ministry of Jesus.	Contains the earliest attested use of the term Theotokos; key witness to 3rd-century Caesarean preaching practice and Origenian exegesis; the homilies demonstrate Origen's pastoral preaching style distinct from his scholarly commentaries.	https://en.wikipedia.org/wiki/Origen	https://en.wikipedia.org/wiki/Origen;https://www.newadvent.org/fathers/0101.htm
arius-thalia	Thalia (The Banquet)	arius	Arius	318	320	other	Greek	city:alexandria-alexandria		A popularized work combining prose and Sotadean verse summarizing Arius's theological system; argues that the Son was created from nothing before all ages, is not co-eternal with the Father, and does not fully know the Father; survives only in fragmentary quotations preserved by Athanasius in Orationes contra Arianos 1.5-6 and De Synodis 15.	The primary source for Arius's own theological formulations in his own words; the Sotadean meter (associated with bawdy popular songs) was deliberately provocative and helped spread Arianism among common people; the work directly provoked the Arian controversy that led to the Council of Nicaea (325).	https://en.wikipedia.org/wiki/Arius	https://en.wikipedia.org/wiki/Arius;https://earlychurchtexts.com/public/arius_thalia.htm
augustine-contra-faustum	Contra Faustum Manichaeum (Against Faustus the Manichaean)	augustine-of-hippo	Augustine of Hippo	397	400	treatise	Latin	city:hippo-regius-annaba		Thirty-three books of Augustine's refutation of Faustus of Mileve, his former Manichaean teacher; addresses Faustus's attacks on the Old Testament, the incarnation, and Christian use of the Hebrew Scriptures; most comprehensive single work against Manichaean dualism; includes Augustine's definition of the just war and his famous statement that one who kills in war does not murder so long as he acts on legitimate authority.	Augustine's most systematic refutation of Manichaeism; the work preserves the most extensive surviving Manichaean argument from antiquity (Faustus's position is quoted in full before each response); primary text for Augustine's theology of Scripture, typology, and the unity of the two Testaments; the just war passages became foundational for Western political theology.	https://www.newadvent.org/fathers/1406.htm	https://en.wikipedia.org/wiki/Contra_Faustum_Manichaeum
cyprian-epistles	Epistles (Letters of Cyprian)	cyprian-of-carthage	Cyprian of Carthage	249	258	letter	Latin	city:carthage-carthage		A corpus of 81 letters written by Cyprian during his episcopate (248–258); they document the Decian persecution (letters 5–43, written from hiding), the lapsed controversy, relations with Rome under Cornelius and Stephen I, the rebaptism controversy, the Novatianist schism, and the Valerian persecution; also includes letters addressed to Cyprian from others; together they constitute the richest documentary archive from any Latin bishop before Augustine.	The most important documentary archive for 3rd-century Western Christianity; primary source for the Decian persecution, the lapsed/penance controversy, the Novatianist schism, the rebaptism controversy, and relations between Carthage and Rome; demonstrates the development of episcopal collegial governance; Cyprian's letters provide a window into daily episcopal administration unlike any other source of the period.	https://www.newadvent.org/fathers/0502.htm	https://en.wikipedia.org/wiki/Cyprian;https://www.ccel.org/ccel/schaff/anf05.html
tertullian-de-corona	De Corona (The Soldier's Crown)	tertullian	Tertullian	211	211	treatise	Latin	city:carthage-carthage		A short treatise prompted by the incident of a Christian soldier at Lambaesis who refused to wear the laurel crown during a military bonus distribution and was arrested as a Christian; Tertullian defends the soldier's act and argues that military service is fundamentally incompatible with Christian discipleship because it involves idolatry (the imperial oath), wearing the crown (a pagan religious symbol), and the use of lethal violence; appeals to unwritten apostolic tradition (traditio) as the basis for prohibitions not found in explicit Scripture; written during Tertullian's Montanist phase.	The most important pre-Nicene text explicitly addressing Christian military service; Tertullian's argument that the soldier's crown is idolatrous and military service is irreconcilable with Christianity became the foundational text for the Historic Peace Churches' appeal to the early church; the work's appeal to unwritten tradition is equally significant for the apostolic tradition vs. Scripture debate; regularly cited by Mennonite and Brethren historians as proof of pre-Constantinian Christian pacifism.	https://www.newadvent.org/fathers/0304.htm	https://en.wikipedia.org/wiki/De_Corona;https://www.newadvent.org/fathers/0304.htm
origen-homilies-joshua	Homilies on Joshua	origen	Origen of Alexandria	249	249	homily	Greek	city:caesarea-maritima-caesarea		Twenty-six homilies on the Book of Joshua, surviving only in Rufinus's Latin translation; interprets the entire conquest narrative allegorically: Joshua prefigures Christ, the battles signify the soul's conflict with sin and demonic powers rather than literal warfare; Origen consistently spiritualizes the violence of the text, arguing that Christians do not fight with physical weapons but with prayer and the sword of the Spirit.	The most sustained early Christian attempt to allegorize the Old Testament warfare texts; Origen's hermeneutical move — spiritualizing Israelite wars into moral and spiritual battles — became the patristic norm for handling Old Testament violence, and demonstrates how the pre-Constantinian church reconciled the warlike Hebrew Bible with non-violent discipleship; the Mennonite and Historic Peace Church reading tradition has appealed to Origen's method as evidence of the early church's non-literal approach to justified violence.	https://www.newadvent.org/fathers/02121.htm	https://en.wikipedia.org/wiki/Origen;https://www.ccel.org/ccel/origen
augustine-de-civitate-dei	De Civitate Dei (The City of God)	augustine-of-hippo	Augustine of Hippo	413	426	treatise	Latin	city:hippo-regius-annaba		Twenty-two books written in response to the charge that Christian abandonment of the Roman gods had caused the sack of Rome (410); Books 1–10 refute pagan theology and theodicy; Books 11–22 develop Augustine's theology of the two cities — the City of God (civitas Dei, defined by love of God) and the earthly city (civitas terrena, defined by love of self) — intermingled in history until the final judgment; includes Augustine's just war theory (Book 19), his theology of peace, his doctrine of original sin and its political consequences, and his insistence that the Christian's true citizenship is in the heavenly city.	The most influential single work of political theology in the Western tradition; Augustine's two-cities framework became the conceptual foundation for all subsequent Western thinking about church and state; his just war theory became the dominant Christian framework permitting military service under legitimate authority; his argument that the earthly city has legitimate but limited authority provided both the basis for later theocratic arguments and for later two-kingdoms theology in Lutheran and Anabaptist thought; the Mennonite and Anabaptist traditions have appealed to Augustine's two-cities framework as a patristic precedent for church-state distinction.	https://www.newadvent.org/fathers/1201.htm	https://en.wikipedia.org/wiki/The_City_of_God;https://www.ccel.org/ccel/schaff/npnf102.html